,date,unit_sales,d_semana,d_mes,d_ano
0,2014-01-02,0.8299999833106995,4,2,2
1,2014-01-03,0.8700000047683716,5,3,3
2,2014-01-06,0.8700000047683716,1,6,6
3,2014-01-07,0.9200000166893005,2,7,7
4,2014-01-08,1.0,3,8,8
5,2014-01-09,1.0099999904632568,4,9,9
6,2014-01-10,1.0,5,10,10
7,2014-01-13,0.9800000190734863,1,13,13
8,2014-01-14,1.0099999904632568,2,14,14
9,2014-01-15,1.090000033378601,3,15,15
10,2014-01-16,1.059999942779541,4,16,16
11,2014-01-17,1.159999966621399,5,17,17
12,2014-01-20,1.2300000190734863,1,20,20
13,2014-01-21,1.090000033378601,2,21,21
14,2014-01-22,1.2200000286102295,3,22,22
15,2014-01-23,1.2000000476837158,4,23,23
16,2014-01-24,1.2999999523162842,5,24,24
17,2014-01-27,1.2100000381469727,1,27,27
18,2014-01-28,1.159999966621399,2,28,28
19,2014-01-29,1.1100000143051147,3,29,29
20,2014-01-30,1.2200000286102295,4,30,30
21,2014-01-31,1.159999966621399,5,31,31
22,2014-02-03,1.0399999618530273,1,3,34
23,2014-02-04,1.0700000524520874,2,4,35
24,2014-02-05,1.1399999856948853,3,5,36
25,2014-02-06,1.100000023841858,4,6,37
26,2014-02-07,1.0800000429153442,5,7,38
27,2014-02-10,1.0800000429153442,1,10,41
28,2014-02-11,1.1100000143051147,2,11,42
29,2014-02-12,1.0800000429153442,3,12,43
30,2014-02-13,1.100000023841858,4,13,44
31,2014-02-14,1.0800000429153442,5,14,45
32,2014-02-17,1.090000033378601,1,17,48
33,2014-02-18,1.0800000429153442,2,18,49
34,2014-02-19,1.090000033378601,3,19,50
35,2014-02-20,1.1200000047683716,4,20,51
36,2014-02-21,1.0800000429153442,5,21,52
37,2014-02-24,1.100000023841858,1,24,55
38,2014-02-25,1.0700000524520874,2,25,56
39,2014-02-26,1.0800000429153442,3,26,57
40,2014-02-27,1.0800000429153442,4,27,58
41,2014-02-28,1.0700000524520874,5,28,59
42,2014-03-05,1.0299999713897705,3,5,64
43,2014-03-06,1.0399999618530273,4,6,65
44,2014-03-07,0.9700000286102295,5,7,66
45,2014-03-10,0.949999988079071,1,10,69
46,2014-03-11,0.949999988079071,2,11,70
47,2014-03-12,0.949999988079071,3,12,71
48,2014-03-13,0.9700000286102295,4,13,72
49,2014-03-14,0.9300000071525574,5,14,73
50,2014-03-17,0.9300000071525574,1,17,76
51,2014-03-18,0.9599999785423279,2,18,77
52,2014-03-19,0.9599999785423279,3,19,78
53,2014-03-20,0.949999988079071,4,20,79
54,2014-03-21,0.9300000071525574,5,21,80
55,2014-03-24,0.9300000071525574,1,24,83
56,2014-03-25,0.9700000286102295,2,25,84
57,2014-03-26,0.949999988079071,3,26,85
58,2014-03-27,0.949999988079071,4,27,86
59,2014-03-28,0.949999988079071,5,28,87
60,2014-03-31,0.9300000071525574,1,31,90
61,2014-04-01,0.949999988079071,2,1,91
62,2014-04-02,0.9399999976158142,3,2,92
63,2014-04-03,0.949999988079071,4,3,93
64,2014-04-04,0.9599999785423279,5,4,94
65,2014-04-07,0.9599999785423279,1,7,97
66,2014-04-08,0.9599999785423279,2,8,98
67,2014-04-09,0.9599999785423279,3,9,99
68,2014-04-10,0.949999988079071,4,10,100
69,2014-04-11,0.9399999976158142,5,11,101
70,2014-04-14,0.9599999785423279,1,14,104
71,2014-04-15,0.8999999761581421,2,15,105
72,2014-04-16,0.8899999856948853,3,16,106
73,2014-04-17,0.8899999856948853,4,17,107
74,2014-04-22,0.8999999761581421,2,22,112
75,2014-04-23,0.8899999856948853,3,23,113
76,2014-04-24,0.8299999833106995,4,24,114
77,2014-04-25,0.7400000095367432,5,25,115
78,2014-04-28,0.6800000071525574,1,28,118
79,2014-04-29,0.6299999952316284,2,29,119
80,2014-04-30,0.6399999856948853,3,30,120
81,2014-05-02,0.6299999952316284,5,2,122
82,2014-05-05,0.75,1,5,125
83,2014-05-06,0.6800000071525574,2,6,126
84,2014-05-07,0.7099999785423279,3,7,127
85,2014-05-08,0.7200000286102295,4,8,128
86,2014-05-09,0.7400000095367432,5,9,129
87,2014-05-12,0.7400000095367432,1,12,132
88,2014-05-13,0.699999988079071,2,13,133
89,2014-05-14,0.7099999785423279,3,14,134
90,2014-05-15,0.7900000214576721,4,15,135
91,2014-05-16,0.7300000190734863,5,16,136
92,2014-05-19,0.699999988079071,1,19,139
93,2014-05-20,0.699999988079071,2,20,140
94,2014-05-21,0.7400000095367432,3,21,141
95,2014-05-22,0.75,4,22,142
96,2014-05-23,0.7599999904632568,5,23,143
97,2014-05-26,0.7699999809265137,1,26,146
98,2014-05-27,0.7699999809265137,2,27,147
99,2014-05-28,0.8500000238418579,3,28,148
100,2014-05-29,0.8399999737739563,4,29,149
101,2014-05-30,0.8100000023841858,5,30,150
102,2014-06-02,0.8199999928474426,1,2,153
103,2014-06-03,0.800000011920929,2,3,154
104,2014-06-04,0.800000011920929,3,4,155
105,2014-06-05,0.8399999737739563,4,5,156
106,2014-06-06,0.8600000143051147,5,6,157
107,2014-06-09,0.8500000238418579,1,9,160
108,2014-06-10,0.8799999952316284,2,10,161
109,2014-06-11,0.8999999761581421,3,11,162
110,2014-06-13,0.8600000143051147,5,13,164
111,2014-06-16,0.9599999785423279,1,16,167
112,2014-06-17,0.949999988079071,2,17,168
113,2014-06-18,1.0299999713897705,3,18,169
114,2014-06-20,1.0299999713897705,5,20,171
115,2014-06-23,1.0800000429153442,1,23,174
116,2014-06-24,1.0499999523162842,2,24,175
117,2014-06-25,1.059999942779541,3,25,176
118,2014-06-26,1.0700000524520874,4,26,177
119,2014-06-27,1.149999976158142,5,27,178
120,2014-06-30,1.190000057220459,1,30,181
121,2014-07-01,1.1399999856948853,2,1,182
122,2014-07-02,1.100000023841858,3,2,183
123,2014-07-03,1.1200000047683716,4,3,184
124,2014-07-04,1.100000023841858,5,4,185
125,2014-07-07,1.0399999618530273,1,7,188
126,2014-07-08,1.059999942779541,2,8,189
127,2014-07-10,1.0,4,10,191
128,2014-07-11,1.1200000047683716,5,11,192
129,2014-07-14,1.2000000476837158,1,14,195
130,2014-07-15,1.159999966621399,2,15,196
131,2014-07-16,1.1100000143051147,3,16,197
132,2014-07-17,1.149999976158142,4,17,198
133,2014-07-18,1.2000000476837158,5,18,199
134,2014-07-21,1.1799999475479126,1,21,202
135,2014-07-22,1.2100000381469727,2,22,203
136,2014-07-23,1.2899999618530273,3,23,204
137,2014-07-24,1.3300000429153442,4,24,205
138,2014-07-25,1.2799999713897705,5,25,206
139,2014-07-28,1.2000000476837158,1,28,209
140,2014-07-29,1.1299999952316284,2,29,210
141,2014-07-30,1.1699999570846558,3,30,211
142,2014-07-31,1.3300000429153442,4,31,212
143,2014-08-01,1.399999976158142,5,1,213
144,2014-08-04,1.4500000476837158,1,4,216
145,2014-08-05,1.3300000429153442,2,5,217
146,2014-08-06,1.284000039100647,3,6,218
147,2014-08-07,1.378000020980835,4,7,219
148,2014-08-08,1.3849999904632568,5,8,220
149,2014-08-11,1.4049999713897705,1,11,223
150,2014-08-12,1.4420000314712524,2,12,224
151,2014-08-13,1.4210000038146973,3,13,225
152,2014-08-14,1.4249999523162842,4,14,226
153,2014-08-15,1.2999999523162842,5,15,227
154,2014-08-18,1.2580000162124634,1,18,230
155,2014-08-19,1.340000033378601,2,19,231
156,2014-08-20,1.3300000429153442,3,20,232
157,2014-08-21,1.350000023841858,4,21,233
158,2014-08-22,1.3079999685287476,5,22,234
159,2014-08-25,1.2990000247955322,1,25,237
160,2014-08-26,1.3079999685287476,2,26,238
161,2014-08-27,1.3200000524520874,3,27,239
162,2014-08-28,1.312000036239624,4,28,240
163,2014-08-29,1.3910000324249268,5,29,241
164,2014-09-01,1.3530000448226929,1,1,244
165,2014-09-02,1.3650000095367432,2,2,245
166,2014-09-03,1.3389999866485596,3,3,246
167,2014-09-04,1.312999963760376,4,4,247
168,2014-09-05,1.253000020980835,5,5,248
169,2014-09-08,1.215000033378601,1,8,251
170,2014-09-09,1.152999997138977,2,9,252
171,2014-09-10,1.159999966621399,3,10,253
172,2014-09-11,1.1399999856948853,4,11,254
173,2014-09-12,1.156000018119812,5,12,255
174,2014-09-15,1.1339999437332153,1,15,258
175,2014-09-16,1.1349999904632568,2,16,259
176,2014-09-17,1.1319999694824219,3,17,260
177,2014-09-18,1.1319999694824219,4,18,261
178,2014-09-19,1.159999966621399,5,19,262
179,2014-09-22,1.100000023841858,1,22,265
180,2014-09-23,1.069000005722046,2,23,266
181,2014-09-24,1.0759999752044678,3,24,267
182,2014-09-25,1.0920000076293945,4,25,268
183,2014-09-26,1.100000023841858,5,26,269
184,2014-09-29,1.13100004196167,1,29,272
185,2014-09-30,1.0950000286102295,2,30,273
186,2014-10-01,1.0729999542236328,3,1,274
187,2014-10-02,1.0800000429153442,4,2,275
188,2014-10-03,1.069000005722046,5,3,276
189,2014-10-06,1.0800000429153442,1,6,279
190,2014-10-07,1.0989999771118164,2,7,280
191,2014-10-08,1.0989999771118164,3,8,281
192,2014-10-09,1.1130000352859497,4,9,282
193,2014-10-10,1.100000023841858,5,10,283
194,2014-10-13,1.1039999723434448,1,13,286
195,2014-10-14,1.1100000143051147,2,14,287
196,2014-10-15,1.1330000162124634,3,15,288
197,2014-10-16,1.149999976158142,4,16,289
198,2014-10-17,1.149999976158142,5,17,290
199,2014-10-20,1.1030000448226929,1,20,293
200,2014-10-21,1.0219999551773071,2,21,294
201,2014-10-22,1.0499999523162842,3,22,295
202,2014-10-23,1.0199999809265137,4,23,296
203,2014-10-24,1.0049999952316284,5,24,297
204,2014-10-27,0.9670000076293945,1,27,300
205,2014-10-28,0.9819999933242798,2,28,301
206,2014-10-29,0.9800000190734863,3,29,302
207,2014-10-30,0.9789999723434448,4,30,303
208,2014-10-31,0.9700000286102295,5,31,304
209,2014-11-03,0.9570000171661377,1,3,307
210,2014-11-04,0.9240000247955322,2,4,308
211,2014-11-05,0.9089999794960022,3,5,309
212,2014-11-06,0.8999999761581421,4,6,310
213,2014-11-07,0.9279999732971191,5,7,311
214,2014-11-10,0.9039999842643738,1,10,314
215,2014-11-11,0.8849999904632568,2,11,315
216,2014-11-12,0.8989999890327454,3,12,316
217,2014-11-13,0.8999999761581421,4,13,317
218,2014-11-14,0.8899999856948853,5,14,318
219,2014-11-17,0.8809999823570251,1,17,321
220,2014-11-18,0.8180000185966492,2,18,322
221,2014-11-19,0.796999990940094,3,19,323
222,2014-11-21,0.8059999942779541,5,21,325
223,2014-11-24,0.7829999923706055,1,24,328
224,2014-11-25,0.7310000061988831,2,25,329
225,2014-11-26,0.765999972820282,3,26,330
226,2014-11-27,0.7400000095367432,4,27,331
227,2014-11-28,0.7599999904632568,5,28,332
228,2014-12-01,0.699999988079071,1,1,335
229,2014-12-02,0.6959999799728394,2,2,336
230,2014-12-03,0.7099999785423279,3,3,337
231,2014-12-04,0.7509999871253967,4,4,338
232,2014-12-05,0.7480000257492065,5,5,339
233,2014-12-08,0.7400000095367432,1,8,342
234,2014-12-09,0.7059999704360962,2,9,343
235,2014-12-10,0.6380000114440918,3,10,344
236,2014-12-11,0.5899999737739563,4,11,345
237,2014-12-12,0.578000009059906,5,12,346
238,2014-12-15,0.4490000009536743,1,15,349
239,2014-12-16,0.49300000071525574,2,16,350
240,2014-12-17,0.5139999985694885,3,17,351
241,2014-12-18,0.4819999933242798,4,18,352
242,2014-12-19,0.4749999940395355,5,19,353
243,2014-12-22,0.46000000834465027,1,22,356
244,2014-12-23,0.47200000286102295,2,23,357
245,2014-12-26,0.460999995470047,5,26,360
246,2014-12-29,0.46000000834465027,1,29,363
247,2014-12-30,0.4620000123977661,2,30,364
248,2015-01-02,0.4399999976158142,5,2,2
249,2015-01-05,0.40700000524520874,1,5,5
250,2015-01-06,0.367000013589859,2,6,6
251,2015-01-07,0.3659999966621399,3,7,7
252,2015-01-08,0.3779999911785126,4,8,8
253,2015-01-09,0.43799999356269836,5,9,9
254,2015-01-12,0.3790000081062317,1,12,12
255,2015-01-13,0.37299999594688416,2,13,13
256,2015-01-14,0.3449999988079071,3,14,14
257,2015-01-15,0.34599998593330383,4,15,15
258,2015-01-16,0.3179999887943268,5,16,16
259,2015-01-19,0.28600001335144043,1,19,19
260,2015-01-20,0.32600000500679016,2,20,20
261,2015-01-21,0.4429999887943268,3,21,21
262,2015-01-22,0.6290000081062317,4,22,22
263,2015-01-23,0.628000020980835,5,23,23
264,2015-01-26,0.5740000009536743,1,26,26
265,2015-01-27,0.4410000145435333,2,27,27
266,2015-01-28,0.4300000071525574,3,28,28
267,2015-01-29,0.40400001406669617,4,29,29
268,2015-01-30,0.38999998569488525,5,30,30
269,2015-02-02,0.4819999933242798,1,2,33
270,2015-02-03,0.49900001287460327,2,3,34
271,2015-02-04,0.5,3,4,35
272,2015-02-05,0.5019999742507935,4,5,36
273,2015-02-06,0.4779999852180481,5,6,37
274,2015-02-09,0.4909999966621399,1,9,40
275,2015-02-10,0.4860000014305115,2,10,41
276,2015-02-11,0.4790000021457672,3,11,42
277,2015-02-12,0.49000000953674316,4,12,43
278,2015-02-13,0.5429999828338623,5,13,44
279,2015-02-18,0.5550000071525574,3,18,49
280,2015-02-19,0.5529999732971191,4,19,50
281,2015-02-20,0.5600000023841858,5,20,51
282,2015-02-23,0.5569999814033508,1,23,54
283,2015-02-24,0.5600000023841858,2,24,55
284,2015-02-25,0.5410000085830688,3,25,56
285,2015-02-26,0.5450000166893005,4,26,57
286,2015-02-27,0.5379999876022339,5,27,58
287,2015-03-02,0.4860000014305115,1,2,61
288,2015-03-03,0.5,2,3,62
289,2015-03-04,0.5,3,4,63
290,2015-03-05,0.4880000054836273,4,5,64
291,2015-03-06,0.48899999260902405,5,6,65
292,2015-03-09,0.4749999940395355,1,9,68
293,2015-03-10,0.4490000009536743,2,10,69
294,2015-03-11,0.460999995470047,3,11,70
295,2015-03-12,0.44999998807907104,4,12,71
296,2015-03-13,0.4309999942779541,5,13,72
297,2015-03-16,0.41600000858306885,1,16,75
298,2015-03-17,0.492000013589859,2,17,76
299,2015-03-18,0.5099999904632568,3,18,77
300,2015-03-19,0.47200000286102295,4,19,78
301,2015-03-20,0.4620000123977661,5,20,79
302,2015-03-23,0.48399999737739563,1,23,82
303,2015-03-24,0.49799999594688416,2,24,83
304,2015-03-25,0.5070000290870667,3,25,84
305,2015-03-26,0.5009999871253967,4,26,85
306,2015-03-27,0.4819999933242798,5,27,86
307,2015-03-30,0.47200000286102295,1,30,89
308,2015-03-31,0.45100000500679016,2,31,90
309,2015-04-01,0.460999995470047,3,1,91
310,2015-04-02,0.4869999885559082,4,2,92
311,2015-04-06,0.48399999737739563,1,6,96
312,2015-04-07,0.4650000035762787,2,7,97
313,2015-04-08,0.4690000116825104,3,8,98
314,2015-04-09,0.4569999873638153,4,9,99
315,2015-04-10,0.46399998664855957,5,10,100
316,2015-04-13,0.4569999873638153,1,13,103
317,2015-04-14,0.45100000500679016,2,14,104
318,2015-04-15,0.460999995470047,3,15,105
319,2015-04-16,0.4449999928474426,4,16,106
320,2015-04-17,0.4569999873638153,5,17,107
321,2015-04-20,0.44999998807907104,1,20,110
322,2015-04-22,0.44699999690055847,3,22,112
323,2015-04-23,0.4359999895095825,4,23,113
324,2015-04-24,0.4490000009536743,5,24,114
325,2015-04-27,0.4350000023841858,1,27,117
326,2015-04-28,0.4309999942779541,2,28,118
327,2015-04-29,0.44200000166893005,3,29,119
328,2015-04-30,0.4650000035762787,4,30,120
329,2015-05-04,0.47200000286102295,1,4,124
330,2015-05-05,0.4699999988079071,2,5,125
331,2015-05-06,0.4490000009536743,3,6,126
332,2015-05-07,0.43299999833106995,4,7,127
333,2015-05-08,0.45100000500679016,5,8,128
334,2015-05-11,0.44999998807907104,1,11,131
335,2015-05-12,0.45100000500679016,2,12,132
336,2015-05-13,0.44600000977516174,3,13,133
337,2015-05-14,0.44999998807907104,4,14,134
338,2015-05-15,0.48500001430511475,5,15,135
339,2015-05-18,0.5049999952316284,1,18,138
340,2015-05-19,0.4519999921321869,2,19,139
341,2015-05-20,0.4399999976158142,3,20,140
342,2015-05-21,0.4580000042915344,4,21,141
343,2015-05-22,0.4449999928474426,5,22,142
344,2015-05-25,0.4449999928474426,1,25,145
345,2015-05-26,0.43700000643730164,2,26,146
346,2015-05-27,0.44699999690055847,3,27,147
347,2015-05-28,0.4560000002384186,4,28,148
348,2015-05-29,0.4580000042915344,5,29,149
349,2015-06-01,0.453000009059906,1,1,152
350,2015-06-02,0.45100000500679016,2,2,153
351,2015-06-03,0.44699999690055847,3,3,154
352,2015-06-05,0.4390000104904175,5,5,156
353,2015-06-08,0.4339999854564667,1,8,159
354,2015-06-09,0.43700000643730164,2,9,160
355,2015-06-10,0.43700000643730164,3,10,161
356,2015-06-11,0.4399999976158142,4,11,162
357,2015-06-12,0.43700000643730164,5,12,163
358,2015-06-15,0.4359999895095825,1,15,166
359,2015-06-16,0.4350000023841858,2,16,167
360,2015-06-17,0.44200000166893005,3,17,168
361,2015-06-18,0.4440000057220459,4,18,169
362,2015-06-19,0.43700000643730164,5,19,170
363,2015-06-22,0.4320000112056732,1,22,173
364,2015-06-23,0.4309999942779541,2,23,174
365,2015-06-24,0.43299999833106995,3,24,175
366,2015-06-25,0.42500001192092896,4,25,176
367,2015-06-26,0.4399999976158142,5,26,177
368,2015-06-29,0.42500001192092896,1,29,180
369,2015-06-30,0.4099999964237213,2,30,181
370,2015-07-01,0.3970000147819519,3,1,182
371,2015-07-02,0.43299999833106995,4,2,183
372,2015-07-03,0.41600000858306885,5,3,184
373,2015-07-06,0.40799999237060547,1,6,187
374,2015-07-07,0.4059999883174896,2,7,188
375,2015-07-08,0.4000000059604645,3,8,189
376,2015-07-10,0.4180000126361847,5,10,191
377,2015-07-13,0.41999998688697815,1,13,194
378,2015-07-14,0.414000004529953,2,14,195
379,2015-07-15,0.4090000092983246,3,15,196
380,2015-07-16,0.4129999876022339,4,16,197
381,2015-07-17,0.421999990940094,5,17,198
382,2015-07-20,0.4000000059604645,1,20,201
383,2015-07-21,0.39800000190734863,2,21,202
384,2015-07-22,0.40299999713897705,3,22,203
385,2015-07-23,0.3970000147819519,4,23,204
386,2015-07-24,0.3840000033378601,5,24,205
387,2015-07-27,0.3709999918937683,1,27,208
388,2015-07-28,0.3840000033378601,2,28,209
389,2015-07-29,0.3799999952316284,3,29,210
390,2015-07-30,0.37700000405311584,4,30,211
391,2015-07-31,0.34299999475479126,5,31,212
392,2015-08-03,0.3400000035762787,1,3,215
393,2015-08-04,0.3269999921321869,2,4,216
394,2015-08-05,0.3499999940395355,3,5,217
395,2015-08-06,0.3400000035762787,4,6,218
396,2015-08-07,0.3409999907016754,5,7,219
397,2015-08-10,0.3449999988079071,1,10,222
398,2015-08-11,0.3619999885559082,2,11,223
399,2015-08-12,0.36000001430511475,3,12,224
400,2015-08-13,0.38100001215934753,4,13,225
401,2015-08-14,0.3499999940395355,5,14,226
402,2015-08-17,0.32600000500679016,1,17,229
403,2015-08-18,0.3269999921321869,2,18,230
404,2015-08-19,0.3269999921321869,3,19,231
405,2015-08-20,0.33000001311302185,4,20,232
406,2015-08-21,0.335999995470047,5,21,233
407,2015-08-24,0.2800000011920929,1,24,236
408,2015-08-25,0.27000001072883606,2,25,237
409,2015-08-26,0.26600000262260437,3,26,238
410,2015-08-27,0.2800000011920929,4,27,239
411,2015-08-28,0.2930000126361847,5,28,240
412,2015-08-31,0.27799999713897705,1,31,243
413,2015-09-01,0.26600000262260437,2,1,244
414,2015-09-02,0.2619999945163727,3,2,245
415,2015-09-03,0.2529999911785126,4,3,246
416,2015-09-04,0.24300000071525574,5,4,247
417,2015-09-08,0.22499999403953552,2,8,251
418,2015-09-09,0.1979999989271164,3,9,252
419,2015-09-10,0.19300000369548798,4,10,253
420,2015-09-11,0.17800000309944153,5,11,254
421,2015-09-14,0.18700000643730164,1,14,257
422,2015-09-15,0.20800000429153442,2,15,258
423,2015-09-16,0.23499999940395355,3,16,259
424,2015-09-17,0.22599999606609344,4,17,260
425,2015-09-18,0.21899999678134918,5,18,261
426,2015-09-21,0.21299999952316284,1,21,264
427,2015-09-22,0.1979999989271164,2,22,265
428,2015-09-23,0.19300000369548798,3,23,266
429,2015-09-24,0.18400000035762787,4,24,267
430,2015-09-25,0.1860000044107437,5,25,268
431,2015-09-28,0.18299999833106995,1,28,271
432,2015-09-29,0.18000000715255737,2,29,272
433,2015-09-30,0.17499999701976776,3,30,273
434,2015-10-01,0.18000000715255737,4,1,274
435,2015-10-02,0.1899999976158142,5,2,275
436,2015-10-05,0.1940000057220459,1,5,278
437,2015-10-06,0.21699999272823334,2,6,279
438,2015-10-07,0.2199999988079071,3,7,280
439,2015-10-08,0.2150000035762787,4,8,281
440,2015-10-09,0.210999995470047,5,9,282
441,2015-10-13,0.19900000095367432,2,13,286
442,2015-10-14,0.20399999618530273,3,14,287
443,2015-10-15,0.2160000056028366,4,15,288
444,2015-10-16,0.21299999952316284,5,16,289
445,2015-10-19,0.20399999618530273,1,19,292
446,2015-10-20,0.20000000298023224,2,20,293
447,2015-10-21,0.2070000022649765,3,21,294
448,2015-10-22,0.20999999344348907,4,22,295
449,2015-10-23,0.20499999821186066,5,23,296
450,2015-10-26,0.20100000500679016,1,26,299
451,2015-10-27,0.20100000500679016,2,27,300
452,2015-10-28,0.20900000631809235,3,28,301
453,2015-10-29,0.2029999941587448,4,29,302
454,2015-10-30,0.210999995470047,5,30,303
455,2015-11-03,0.22499999403953552,2,3,307
456,2015-11-04,0.2070000022649765,3,4,308
457,2015-11-05,0.20499999821186066,4,5,309
458,2015-11-06,0.20100000500679016,5,6,310
459,2015-11-09,0.2029999941587448,1,9,313
460,2015-11-10,0.19900000095367432,2,10,314
461,2015-11-11,0.2070000022649765,3,11,315
462,2015-11-12,0.20000000298023224,4,12,316
463,2015-11-13,0.20200000703334808,5,13,317
464,2015-11-16,0.20200000703334808,1,16,320
465,2015-11-17,0.20000000298023224,2,17,321
466,2015-11-18,0.20499999821186066,3,18,322
467,2015-11-19,0.19300000369548798,4,19,323
468,2015-11-23,0.1860000044107437,1,23,327
469,2015-11-24,0.19200000166893005,2,24,328
470,2015-11-25,0.1889999955892563,3,25,329
471,2015-11-26,0.19200000166893005,4,26,330
472,2015-11-27,0.19699999690055847,5,27,331
473,2015-11-30,0.20100000500679016,1,30,334
474,2015-12-01,0.20000000298023224,2,1,335
475,2015-12-02,0.2160000056028366,3,2,336
476,2015-12-03,0.21699999272823334,4,3,337
477,2015-12-04,0.2150000035762787,5,4,338
478,2015-12-07,0.20600000023841858,1,7,341
479,2015-12-08,0.20499999821186066,2,8,342
480,2015-12-09,0.20999999344348907,3,9,343
481,2015-12-10,0.2070000022649765,4,10,344
482,2015-12-11,0.2029999941587448,5,11,345
483,2015-12-14,0.20900000631809235,1,14,348
484,2015-12-15,0.2070000022649765,2,15,349
485,2015-12-16,0.210999995470047,3,16,350
486,2015-12-17,0.2150000035762787,4,17,351
487,2015-12-18,0.21400000154972076,5,18,352
488,2015-12-21,0.2199999988079071,1,21,355
489,2015-12-22,0.22699999809265137,2,22,356
490,2015-12-23,0.2290000021457672,3,23,357
491,2015-12-28,0.22499999403953552,1,28,362
492,2015-12-29,0.2199999988079071,2,29,363
493,2015-12-30,0.24500000476837158,3,30,364
494,2016-01-04,0.23000000417232513,1,4,4
495,2016-01-05,0.2240000069141388,2,5,5
496,2016-01-06,0.22300000488758087,3,6,6
497,2016-01-07,0.22499999403953552,4,7,7
498,2016-01-08,0.2150000035762787,5,8,8
499,2016-01-11,0.20600000023841858,1,11,11
500,2016-01-12,0.18199999630451202,2,12,12
501,2016-01-13,0.18000000715255737,3,13,13
502,2016-01-14,0.1889999955892563,4,14,14
503,2016-01-15,0.20000000298023224,5,15,15
504,2016-01-18,0.18700000643730164,1,18,18
505,2016-01-19,0.17299999296665192,2,19,19
506,2016-01-20,0.16300000250339508,3,20,20
507,2016-01-21,0.15800000727176666,4,21,21
508,2016-01-22,0.15199999511241913,5,22,22
509,2016-01-26,0.14000000059604645,2,26,26
510,2016-01-27,0.1459999978542328,3,27,27
511,2016-01-28,0.14000000059604645,4,28,28
512,2016-01-29,0.1459999978542328,5,29,29
513,2016-02-01,0.15299999713897705,1,1,32
514,2016-02-02,0.1379999965429306,2,2,33
515,2016-02-03,0.14399999380111694,3,3,34
516,2016-02-04,0.1599999964237213,4,4,35
517,2016-02-05,0.1509999930858612,5,5,36
518,2016-02-10,0.1509999930858612,3,10,41
519,2016-02-11,0.14399999380111694,4,11,42
520,2016-02-12,0.1589999943971634,5,12,43
521,2016-02-15,0.15700000524520874,1,15,46
522,2016-02-16,0.15299999713897705,2,16,47
523,2016-02-17,0.17399999499320984,3,17,48
524,2016-02-18,0.17000000178813934,4,18,49
525,2016-02-19,0.16699999570846558,5,19,50
526,2016-02-22,0.1850000023841858,1,22,53
527,2016-02-23,0.17599999904632568,2,23,54
528,2016-02-24,0.1979999989271164,3,24,55
529,2016-02-25,0.1860000044107437,4,25,56
530,2016-02-26,0.17900000512599945,5,26,57
531,2016-02-29,0.1850000023841858,1,29,60
532,2016-03-01,0.18299999833106995,2,1,61
533,2016-03-02,0.18799999356269836,3,2,62
534,2016-03-03,0.2029999941587448,4,3,63
535,2016-03-04,0.20600000023841858,5,4,64
536,2016-03-07,0.2199999988079071,1,7,67
537,2016-03-08,0.20200000703334808,2,8,68
538,2016-03-09,0.20999999344348907,3,9,69
539,2016-03-10,0.2070000022649765,4,10,70
540,2016-03-11,0.2029999941587448,5,11,71
541,2016-03-14,0.1899999976158142,1,14,74
542,2016-03-15,0.1720000058412552,2,15,75
543,2016-03-16,0.18199999630451202,3,16,76
544,2016-03-17,0.19599999487400055,4,17,77
545,2016-03-18,0.1899999976158142,5,18,78
546,2016-03-21,0.19200000166893005,1,21,81
547,2016-03-22,0.20399999618530273,2,22,82
548,2016-03-23,0.19599999487400055,3,23,83
549,2016-03-24,0.36000001430511475,4,24,84
550,2016-03-28,0.4779999852180481,1,28,88
551,2016-03-29,0.4440000057220459,2,29,89
552,2016-03-30,0.39500001072883606,3,30,90
553,2016-03-31,0.3610000014305115,4,31,91
554,2016-04-01,0.39500001072883606,5,1,92
555,2016-04-04,0.3499999940395355,1,4,95
556,2016-04-05,0.3499999940395355,2,5,96
557,2016-04-06,0.34700000286102295,3,6,97
558,2016-04-07,0.3310000002384186,4,7,98
559,2016-04-08,0.3400000035762787,5,8,99
560,2016-04-11,0.34299999475479126,1,11,102
561,2016-04-12,0.3580000102519989,2,12,103
562,2016-04-13,0.35199999809265137,3,13,104
563,2016-04-14,0.3310000002384186,4,14,105
564,2016-04-15,0.3499999940395355,5,15,106
565,2016-04-18,0.35199999809265137,1,18,109
566,2016-04-19,0.36000001430511475,2,19,110
567,2016-04-20,0.37700000405311584,3,20,111
568,2016-04-22,0.3970000147819519,5,22,113
569,2016-04-25,0.3799999952316284,1,25,116
570,2016-04-26,0.36500000953674316,2,26,117
571,2016-04-27,0.35499998927116394,3,27,118
572,2016-04-28,0.36899998784065247,4,28,119
573,2016-04-29,0.3799999952316284,5,29,120
574,2016-05-02,0.3659999966621399,1,2,123
575,2016-05-03,0.3540000021457672,2,3,124
576,2016-05-04,0.37400001287460327,3,4,125
577,2016-05-05,0.36500000953674316,4,5,126
578,2016-05-06,0.36899998784065247,5,6,127
579,2016-05-09,0.36000001430511475,1,9,130
580,2016-05-10,0.3779999911785126,2,10,131
581,2016-05-11,0.375,3,11,132
582,2016-05-12,0.3790000081062317,4,12,133
583,2016-05-13,0.34200000762939453,5,13,134
584,2016-05-16,0.34299999475479126,1,16,137
585,2016-05-17,0.3409999907016754,2,17,138
586,2016-05-18,0.33500000834465027,3,18,139
587,2016-05-19,0.3330000042915344,4,19,140
588,2016-05-20,0.33000001311302185,5,20,141
589,2016-05-23,0.3109999895095825,1,23,144
590,2016-05-24,0.3089999854564667,2,24,145
591,2016-05-25,0.30399999022483826,3,25,146
592,2016-05-27,0.30300000309944153,5,27,148
593,2016-05-30,0.30799999833106995,1,30,151
594,2016-05-31,0.32100000977516174,2,31,152
595,2016-06-01,0.32100000977516174,3,1,153
596,2016-06-02,0.33000001311302185,4,2,154
597,2016-06-03,0.33399999141693115,5,3,155
598,2016-06-06,0.31700000166893005,1,6,158
599,2016-06-07,0.3199999928474426,2,7,159
600,2016-06-08,0.3140000104904175,3,8,160
601,2016-06-09,0.3100000023841858,4,9,161
602,2016-06-10,0.30799999833106995,5,10,162
603,2016-06-13,0.2919999957084656,1,13,165
604,2016-06-14,0.30000001192092896,2,14,166
605,2016-06-15,0.2800000011920929,3,15,167
606,2016-06-16,0.25999999046325684,4,16,168
607,2016-06-17,0.28119999170303345,5,17,169
608,2016-06-20,0.27639999985694885,1,20,172
609,2016-06-21,0.298799991607666,2,21,173
610,2016-06-22,0.28200000524520874,3,22,174
611,2016-06-23,0.2815999984741211,4,23,175
612,2016-06-24,0.2770000100135803,5,24,176
613,2016-06-27,0.2709999978542328,1,27,179
614,2016-06-28,0.2712000012397766,2,28,180
615,2016-06-29,0.27399998903274536,3,29,181
616,2016-06-30,0.27399998903274536,4,30,182
617,2016-07-01,0.27000001072883606,5,1,183
618,2016-07-04,0.2696000039577484,1,4,186
619,2016-07-05,0.2572000026702881,2,5,187
620,2016-07-06,0.2549999952316284,3,6,188
621,2016-07-07,0.2662000060081482,4,7,189
622,2016-07-08,0.25600001215934753,5,8,190
623,2016-07-11,0.26460000872612,1,11,193
624,2016-07-12,0.2720000147819519,2,12,194
625,2016-07-13,0.27399998903274536,3,13,195
626,2016-07-14,0.26840001344680786,4,14,196
627,2016-07-15,0.25999999046325684,5,15,197
628,2016-07-18,0.26100000739097595,1,18,200
629,2016-07-19,0.266400009393692,2,19,201
630,2016-07-20,0.2782000005245209,3,20,202
631,2016-07-21,0.3230000138282776,4,21,203
632,2016-07-22,0.31200000643730164,5,22,204
633,2016-07-25,0.3160000145435333,1,25,207
634,2016-07-26,0.3149999976158142,2,26,208
635,2016-07-27,0.3068000078201294,3,27,209
636,2016-07-28,0.30000001192092896,4,28,210
637,2016-07-29,0.29840001463890076,5,29,211
638,2016-08-01,0.29600000381469727,1,1,214
639,2016-08-02,0.2849999964237213,2,2,215
640,2016-08-03,0.3100000023841858,3,3,216
641,2016-08-04,0.2996000051498413,4,4,217
642,2016-08-05,0.3084000051021576,5,5,218
643,2016-08-08,0.3070000112056732,1,8,221
644,2016-08-09,0.3100000023841858,2,9,222
645,2016-08-10,0.30239999294281006,3,10,223
646,2016-08-11,0.3046000003814697,4,11,224
647,2016-08-12,0.3043999969959259,5,12,225
648,2016-08-15,0.3089999854564667,1,15,228
649,2016-08-16,0.30399999022483826,2,16,229
650,2016-08-17,0.3019999861717224,3,17,230
651,2016-08-18,0.3050000071525574,4,18,231
652,2016-08-19,0.3070000112056732,5,19,232
653,2016-08-22,0.30140000581741333,1,22,235
654,2016-08-23,0.29679998755455017,2,23,236
655,2016-08-24,0.29899999499320984,3,24,237
656,2016-08-25,0.29120001196861267,4,25,238
657,2016-08-26,0.29499998688697815,5,26,239
658,2016-08-29,0.29339998960494995,1,29,242
659,2016-08-30,0.29339998960494995,2,30,243
660,2016-08-31,0.28999999165534973,3,31,244
661,2016-09-01,0.2840000092983246,4,1,245
662,2016-09-02,0.2939999997615814,5,2,246
663,2016-09-05,0.28600001335144043,1,5,249
664,2016-09-06,0.2800000011920929,2,6,250
665,2016-09-08,0.28999999165534973,4,8,252
666,2016-09-09,0.28200000524520874,5,9,253
667,2016-09-12,0.27639999985694885,1,12,256
668,2016-09-13,0.2696000039577484,2,13,257
669,2016-09-14,0.2680000066757202,3,14,258
670,2016-09-15,0.27079999446868896,4,15,259
671,2016-09-16,0.2840000092983246,5,16,260
672,2016-09-19,0.26980000734329224,1,19,263
673,2016-09-20,0.2590000033378601,2,20,264
674,2016-09-21,0.25600001215934753,3,21,265
675,2016-09-22,0.2800000011920929,4,22,266
676,2016-09-23,0.27140000462532043,5,23,267
677,2016-09-26,0.27000001072883606,1,26,270
678,2016-09-27,0.2632000148296356,2,27,271
679,2016-09-28,0.2639999985694885,3,28,272
680,2016-09-29,0.27000001072883606,4,29,273
681,2016-09-30,0.26980000734329224,5,30,274
682,2016-10-03,0.27619999647140503,1,3,277
683,2016-10-04,0.2720000147819519,2,4,278
684,2016-10-05,0.27799999713897705,3,5,279
685,2016-10-06,0.30379998683929443,4,6,280
686,2016-10-07,0.30720001459121704,5,7,281
687,2016-10-10,0.32280001044273376,1,10,284
688,2016-10-11,0.31779998540878296,2,11,285
689,2016-10-13,0.3179999887943268,4,13,287
690,2016-10-14,0.3149999976158142,5,14,288
691,2016-10-17,0.3160000145435333,1,17,291
692,2016-10-18,0.323199987411499,2,18,292
693,2016-10-19,0.32499998807907104,3,19,293
694,2016-10-20,0.32019999623298645,4,20,294
695,2016-10-21,0.3269999921321869,5,21,295
696,2016-10-24,0.33959999680519104,1,24,298
697,2016-10-25,0.3296000063419342,2,25,299
698,2016-10-26,0.3285999894142151,3,26,300
699,2016-10-27,0.32600000500679016,4,27,301
700,2016-10-28,0.32199999690055847,5,28,302
701,2016-10-31,0.3199999928474426,1,31,305
702,2016-11-01,0.31200000643730164,2,1,306
703,2016-11-03,0.3100000023841858,4,3,308
704,2016-11-04,0.319599986076355,5,4,309
705,2016-11-07,0.3147999942302704,1,7,312
706,2016-11-08,0.30799999833106995,2,8,313
707,2016-11-09,0.29919999837875366,3,9,314
708,2016-11-10,0.28999999165534973,4,10,315
709,2016-11-11,0.28999999165534973,5,11,316
710,2016-11-14,0.28200000524520874,1,14,319
711,2016-11-16,0.3294000029563904,3,16,321
712,2016-11-17,0.31859999895095825,4,17,322
713,2016-11-18,0.3124000132083893,5,18,323
714,2016-11-21,0.337799996137619,1,21,326
715,2016-11-22,0.337799996137619,2,22,327
716,2016-11-23,0.32600000500679016,3,23,328
717,2016-11-24,0.3222000002861023,4,24,329
718,2016-11-25,0.33000001311302185,5,25,330
719,2016-11-28,0.32100000977516174,1,28,333
720,2016-11-29,0.3163999915122986,2,29,334
721,2016-11-30,0.33219999074935913,3,30,335
722,2016-12-01,0.33180001378059387,4,1,336
723,2016-12-02,0.335999995470047,5,2,337
724,2016-12-05,0.3353999853134155,1,5,340
725,2016-12-06,0.3402000069618225,2,6,341
726,2016-12-07,0.34700000286102295,3,7,342
727,2016-12-08,0.35100001096725464,4,8,343
728,2016-12-09,0.36000001430511475,5,9,344
729,2016-12-12,0.36320000886917114,1,12,347
730,2016-12-13,0.3686000108718872,2,13,348
731,2016-12-14,0.3709999918937683,3,14,349
732,2016-12-15,0.37119999527931213,4,15,350
733,2016-12-16,0.38179999589920044,5,16,351
734,2016-12-19,0.3752000033855438,1,19,354
735,2016-12-20,0.3840000033378601,2,20,355
736,2016-12-21,0.37720000743865967,3,21,356
737,2016-12-22,0.44119998812675476,4,22,357
738,2016-12-23,0.4560000002384186,5,23,358
739,2016-12-26,0.45399999618530273,1,26,361
740,2016-12-27,0.4429999887943268,2,27,362
741,2016-12-28,0.43700000643730164,3,28,363
742,2016-12-29,0.43560001254081726,4,29,364
743,2017-01-02,0.4659999907016754,1,2,2
744,2017-01-03,0.5278000235557556,2,3,3
745,2017-01-04,0.5252000093460083,3,4,4
746,2017-01-05,0.5400000214576721,4,5,5
747,2017-01-06,0.5090000033378601,5,6,6
748,2017-01-09,0.5320000052452087,1,9,9
749,2017-01-10,0.5019999742507935,2,10,10
750,2017-01-11,0.5055999755859375,3,11,11
751,2017-01-12,0.5040000081062317,4,12,12
752,2017-01-13,0.5382000207901001,5,13,13
753,2017-01-16,0.5468000173568726,1,16,16
754,2017-01-17,0.5460000038146973,2,17,17
755,2017-01-18,0.5388000011444092,3,18,18
756,2017-01-19,0.5419999957084656,4,19,19
757,2017-01-20,0.5573999881744385,5,20,20
758,2017-01-23,0.5454000234603882,1,23,23
759,2017-01-24,0.5519999861717224,2,24,24
760,2017-01-26,0.551800012588501,4,26,26
761,2017-01-27,0.534600019454956,5,27,27
762,2017-01-30,0.5180000066757202,1,30,30
763,2017-01-31,0.5239999890327454,2,31,31
764,2017-02-01,0.5351999998092651,3,1,32
765,2017-02-02,0.52920001745224,4,2,33
766,2017-02-03,0.5315999984741211,5,3,34
767,2017-02-06,0.5383999943733215,1,6,37
768,2017-02-07,0.5776000022888184,2,7,38
769,2017-02-08,0.5879999995231628,3,8,39
770,2017-02-09,0.602400004863739,4,9,40
771,2017-02-10,0.6600000262260437,5,10,41
772,2017-02-13,0.7089999914169312,1,13,44
773,2017-02-14,0.7200000286102295,2,14,45
774,2017-02-15,0.7200000286102295,3,15,46
775,2017-02-16,0.7102000117301941,4,16,47
776,2017-02-17,0.7300000190734863,5,17,48
777,2017-02-20,0.7264000177383423,1,20,51
778,2017-02-21,0.7400000095367432,2,21,52
779,2017-02-22,0.75,3,22,53
780,2017-02-23,0.7549999952316284,4,23,54
781,2017-02-24,0.7577999830245972,5,24,55
782,2017-03-01,0.7591999769210815,3,1,60
783,2017-03-02,0.7390000224113464,4,2,61
784,2017-03-03,0.7634000182151794,5,3,62
785,2017-03-06,0.7567999958992004,1,6,65
786,2017-03-07,0.7512000203132629,2,7,66
787,2017-03-08,0.7200000286102295,3,8,67
788,2017-03-09,0.7197999954223633,4,9,68
789,2017-03-10,0.7170000076293945,5,10,69
790,2017-03-13,0.7282000184059143,1,13,72
791,2017-03-14,0.7318000197410583,2,14,73
792,2017-03-15,0.7829999923706055,3,15,74
793,2017-03-16,0.7680000066757202,4,16,75
794,2017-03-17,0.771399974822998,5,17,76
795,2017-03-20,0.7580000162124634,1,20,79
796,2017-03-21,0.7757999897003174,2,21,80
797,2017-03-22,0.7649999856948853,3,22,81
798,2017-03-23,0.777400016784668,4,23,82
799,2017-03-24,0.7821999788284302,5,24,83
800,2017-03-27,0.7833999991416931,1,27,86
801,2017-03-28,0.8119999766349792,2,28,87
802,2017-03-29,0.8600000143051147,3,29,88
803,2017-03-30,0.9380000233650208,4,30,89
804,2017-03-31,0.9398000240325928,5,31,90
805,2017-04-03,0.9399999976158142,1,3,93
806,2017-04-04,0.9434000253677368,2,4,94
807,2017-04-05,0.9399999976158142,3,5,95
808,2017-04-06,0.8802000284194946,4,6,96
809,2017-04-07,0.8460000157356262,5,7,97
810,2017-04-10,0.8399999737739563,1,10,100
811,2017-04-11,0.8199999928474426,2,11,101
812,2017-04-12,0.8100000023841858,3,12,102
813,2017-04-13,0.7799999713897705,4,13,103
814,2017-04-17,0.7919999957084656,1,17,107
815,2017-04-18,0.7793999910354614,2,18,108
816,2017-04-19,0.7671999931335449,3,19,109
817,2017-04-20,0.7746000289916992,4,20,110
818,2017-04-24,0.8098000288009644,1,24,114
819,2017-04-25,0.8460000157356262,2,25,115
820,2017-04-26,0.8600000143051147,3,26,116
821,2017-04-27,0.843999981880188,4,27,117
822,2017-04-28,0.8695999979972839,5,28,118
823,2017-05-02,0.8496000170707703,2,2,122
824,2017-05-03,0.8399999737739563,3,3,123
825,2017-05-04,0.8289999961853027,4,4,124
826,2017-05-05,0.8396000266075134,5,5,125
827,2017-05-08,0.826200008392334,1,8,128
828,2017-05-09,0.8299999833106995,2,9,129
829,2017-05-10,0.8392000198364258,3,10,130
830,2017-05-11,0.8399999737739563,4,11,131
831,2017-05-12,0.8460000157356262,5,12,132
832,2017-05-15,0.8091999888420105,1,15,135
833,2017-05-16,0.7799999713897705,2,16,136
834,2017-05-17,0.7796000242233276,3,17,137
835,2017-05-18,0.7089999914169312,4,18,138
836,2017-05-19,0.7106000185012817,5,19,139
837,2017-05-22,0.7239999771118164,1,22,142
838,2017-05-23,0.7210000157356262,2,23,143
839,2017-05-24,0.6880000233650208,3,24,144
840,2017-05-25,0.7057999968528748,4,25,145
841,2017-05-26,0.7157999873161316,5,26,146
842,2017-05-29,0.7157999873161316,1,29,149
843,2017-05-30,0.7200000286102295,2,30,150
844,2017-05-31,0.7360000014305115,3,31,151
845,2017-06-01,0.7364000082015991,4,1,152
846,2017-06-02,0.732200026512146,5,2,153
847,2017-06-05,0.7390000224113464,1,5,156
848,2017-06-06,0.741599977016449,2,6,157
849,2017-06-07,0.7400000095367432,3,7,158
850,2017-06-08,0.7390000224113464,4,8,159
851,2017-06-09,0.7396000027656555,5,9,160
852,2017-06-12,0.75,1,12,163
853,2017-06-13,0.7559999823570251,2,13,164
854,2017-06-14,0.75,3,14,165
855,2017-06-15,0.75,4,15,166
856,2017-06-16,0.739799976348877,5,16,167
857,2017-06-19,0.7404000163078308,1,19,170
858,2017-06-20,0.7379999756813049,2,20,171
859,2017-06-21,0.7350000143051147,3,21,172
860,2017-06-22,0.7369999885559082,4,22,173
861,2017-06-23,0.7279999852180481,5,23,174
862,2017-06-26,0.7268000245094299,1,26,177
863,2017-06-27,0.7355999946594238,2,27,178
864,2017-06-28,0.7408000230789185,3,28,179
865,2017-06-29,0.7383999824523926,4,29,180
866,2017-06-30,0.7360000014305115,5,30,181
867,2017-07-03,0.7422000169754028,1,3,184
868,2017-07-04,0.741599977016449,2,4,185
869,2017-07-05,0.734000027179718,3,5,186
870,2017-07-06,0.7264000177383423,4,6,187
871,2017-07-07,0.7328000068664551,5,7,188
872,2017-07-10,0.7386000156402588,1,10,191
873,2017-07-11,0.7382000088691711,2,11,192
874,2017-07-12,0.7437999844551086,3,12,193
875,2017-07-13,0.7077999711036682,4,13,194
876,2017-07-14,0.7214000225067139,5,14,195
877,2017-07-17,0.7355999946594238,1,17,198
878,2017-07-18,0.7099999785423279,2,18,199
879,2017-07-19,0.7196000218391418,3,19,200
880,2017-07-20,0.7092000246047974,4,20,201
881,2017-07-21,0.6955999732017517,5,21,202
882,2017-07-24,0.6935999989509583,1,24,205
883,2017-07-25,0.6848000288009644,2,25,206
884,2017-07-26,0.7080000042915344,3,26,207
885,2017-07-27,0.7196000218391418,4,27,208
886,2017-07-28,0.7373999953269958,5,28,209
887,2017-07-31,0.7483999729156494,1,31,212
888,2017-08-01,0.7405999898910522,2,1,213
889,2017-08-02,0.7401999831199646,3,2,214
890,2017-08-03,0.7400000095367432,4,3,215
891,2017-08-04,0.7429999709129333,5,4,216
892,2017-08-07,0.7820000052452087,1,7,219
893,2017-08-08,0.796999990940094,2,8,220
894,2017-08-09,0.7961999773979187,3,9,221
895,2017-08-10,0.8998000025749207,4,10,222
896,2017-08-11,0.8799999952316284,5,11,223
897,2017-08-14,0.879800021648407,1,14,226
898,2017-08-15,0.8695999979972839,2,15,227
899,2017-08-16,0.8574000000953674,3,16,228
900,2017-08-17,0.8370000123977661,4,17,229
901,2017-08-18,0.871999979019165,5,18,230
902,2017-08-21,0.8804000020027161,1,21,233
903,2017-08-22,0.8889999985694885,2,22,234
904,2017-08-23,0.8920000195503235,3,23,235
905,2017-08-24,0.8838000297546387,4,24,236
906,2017-08-25,0.8855999708175659,5,25,237
907,2017-08-28,0.8845999836921692,1,28,240
908,2017-08-29,0.8758000135421753,2,29,241
909,2017-08-30,0.8737999796867371,3,30,242
910,2017-08-31,0.8777999877929688,4,31,243
911,2017-09-01,0.8741999864578247,5,1,244
912,2017-09-04,0.8877999782562256,1,4,247
913,2017-09-05,0.897599995136261,2,5,248
914,2017-09-06,0.9259999990463257,3,6,249
915,2017-09-07,0.9259999990463257,4,7,250
916,2017-09-08,0.9359999895095825,5,8,251
917,2017-09-11,0.954200029373169,1,11,254
918,2017-09-12,0.9405999779701233,2,12,255
919,2017-09-13,0.9635999798774719,3,13,256
920,2017-09-14,0.9480000138282776,4,14,257
921,2017-09-15,0.9449999928474426,5,15,258
922,2017-09-18,0.9490000009536743,1,18,261
923,2017-09-19,0.9409999847412109,2,19,262
924,2017-09-20,0.9243999719619751,3,20,263
925,2017-09-21,0.9172000288963318,4,21,264
926,2017-09-22,0.9146000146865845,5,22,265
927,2017-09-25,0.9279999732971191,1,25,268
928,2017-09-26,0.9462000131607056,2,26,269
929,2017-09-27,0.9437999725341797,3,27,270
930,2017-09-28,0.9577999711036682,4,28,271
931,2017-09-29,0.9282000064849854,5,29,272
932,2017-10-02,0.9240000247955322,1,2,275
933,2017-10-03,0.9598000049591064,2,3,276
934,2017-10-04,0.9394000172615051,3,4,277
935,2017-10-05,0.9354000091552734,4,5,278
936,2017-10-06,0.9380000233650208,5,6,279
937,2017-10-09,0.9603999853134155,1,9,282
938,2017-10-10,0.9581999778747559,2,10,283
939,2017-10-11,0.9599999785423279,3,11,284
940,2017-10-12,0.9599999785423279,4,12,285
941,2017-10-13,0.9976000189781189,5,13,286
942,2017-10-16,0.9710000157356262,1,16,289
943,2017-10-17,0.9625999927520752,2,17,290
944,2017-10-18,1.0,3,18,291
945,2017-10-19,0.9914000034332275,4,19,292
946,2017-10-20,0.9987999796867371,5,20,293
947,2017-10-23,1.059999942779541,1,23,296
948,2017-10-24,1.0865999460220337,2,24,297
949,2017-10-25,1.0808000564575195,3,25,298
950,2017-10-26,1.0579999685287476,4,26,299
951,2017-10-27,1.0964000225067139,5,27,300
952,2017-10-30,1.091599941253662,1,30,303
953,2017-10-31,1.135200023651123,2,31,304
954,2017-11-01,1.1339999437332153,3,1,305
955,2017-11-02,1.1339999437332153,4,2,306
956,2017-11-03,1.187999963760376,5,3,307
957,2017-11-06,1.1917999982833862,1,6,310
958,2017-11-07,1.2383999824523926,2,7,311
959,2017-11-08,1.2355999946594238,3,8,312
960,2017-11-09,1.2064000368118286,4,9,313
961,2017-11-10,1.2244000434875488,5,10,314
962,2017-11-13,1.19760000705719,1,13,317
963,2017-11-14,1.1799999475479126,2,14,318
964,2017-11-15,1.1799999475479126,3,15,319
965,2017-11-16,1.1998000144958496,4,16,320
966,2017-11-17,1.2115999460220337,5,17,321
967,2017-11-20,1.2115999460220337,1,20,324
968,2017-11-21,1.212399959564209,2,21,325
969,2017-11-22,1.218000054359436,3,22,326
970,2017-11-23,1.2375999689102173,4,23,327
971,2017-11-24,1.2752000093460083,5,24,328
972,2017-11-27,1.264799952507019,1,27,331
973,2017-11-28,1.2740000486373901,2,28,332
974,2017-11-29,1.253999948501587,3,29,333
975,2017-11-30,1.2818000316619873,4,30,334
976,2017-12-01,1.3489999771118164,5,1,335
977,2017-12-04,1.3658000230789185,1,4,338
978,2017-12-05,1.3329999446868896,2,5,339
979,2017-12-06,1.343999981880188,3,6,340
980,2017-12-07,1.357800006866455,4,7,341
981,2017-12-08,1.3600000143051147,5,8,342
982,2017-12-11,1.364400029182434,1,11,345
983,2017-12-12,1.3919999599456787,2,12,346
984,2017-12-13,1.3960000276565552,3,13,347
985,2017-12-14,1.440000057220459,4,14,348
986,2017-12-15,1.4670000076293945,5,15,349
987,2017-12-18,1.4429999589920044,1,18,352
988,2017-12-19,1.4600000381469727,2,19,353
989,2017-12-20,1.4639999866485596,3,20,354
990,2017-12-21,1.49399995803833,4,21,355
991,2017-12-22,1.5368000268936157,5,22,356
992,2017-12-25,1.5368000268936157,1,25,359
993,2017-12-26,1.5779999494552612,2,26,360
994,2017-12-27,1.6169999837875366,3,27,361
995,2017-12-28,1.6360000371932983,4,28,362
996,2017-12-29,1.6360000371932983,5,29,363
997,2018-01-02,1.7089999914169312,2,2,2
998,2018-01-03,1.7400000095367432,3,3,3
999,2018-01-04,1.8001999855041504,4,4,4
1000,2018-01-05,1.9016000032424927,5,5,5
1001,2018-01-08,2.045599937438965,1,8,8
1002,2018-01-09,1.8286000490188599,2,9,9
1003,2018-01-10,1.8040000200271606,3,10,10
1004,2018-01-11,1.9800000190734863,4,11,11
1005,2018-01-12,1.9179999828338623,5,12,12
1006,2018-01-15,1.899999976158142,1,15,15
1007,2018-01-16,1.7990000247955322,2,16,16
1008,2018-01-17,1.7999999523162842,3,17,17
1009,2018-01-18,1.7400000095367432,4,18,18
1010,2018-01-19,1.7619999647140503,5,19,19
1011,2018-01-22,1.7000000476837158,1,22,22
1012,2018-01-23,1.731600046157837,2,23,23
1013,2018-01-24,1.8300000429153442,3,24,24
1014,2018-01-25,1.8300000429153442,4,25,25
1015,2018-01-26,1.7796000242233276,5,26,26
1016,2018-01-29,1.809999942779541,1,29,29
1017,2018-01-30,1.750599980354309,2,30,30
1018,2018-01-31,1.7660000324249268,3,31,31
1019,2018-02-01,1.7726000547409058,4,1,32
1020,2018-02-02,1.7300000190734863,5,2,33
1021,2018-02-05,1.6895999908447266,1,5,36
1022,2018-02-06,1.6097999811172485,2,6,37
1023,2018-02-07,1.600000023841858,3,7,38
1024,2018-02-08,1.559999942779541,4,8,39
1025,2018-02-09,1.5535999536514282,5,9,40
1026,2018-02-15,1.6308000087738037,4,15,46
1027,2018-02-16,1.6430000066757202,5,16,47
1028,2018-02-19,1.625599980354309,1,19,50
1029,2018-02-20,1.639799952507019,2,20,51
1030,2018-02-21,1.5532000064849854,3,21,52
1031,2018-02-22,1.5498000383377075,4,22,53
1032,2018-02-23,1.5895999670028687,5,23,54
1033,2018-02-26,1.6025999784469604,1,26,57
1034,2018-02-27,1.5,2,27,58
1035,2018-02-28,1.4500000476837158,3,28,59
1036,2018-03-01,1.4315999746322632,4,1,60
1037,2018-03-02,1.3478000164031982,5,2,61
1038,2018-03-05,1.4040000438690186,1,5,64
1039,2018-03-06,1.350000023841858,2,6,65
1040,2018-03-07,1.2073999643325806,3,7,66
1041,2018-03-08,1.2380000352859497,4,8,67
1042,2018-03-09,1.3559999465942383,5,9,68
1043,2018-03-12,1.3200000524520874,1,12,71
1044,2018-03-13,1.2699999809265137,2,13,72
1045,2018-03-14,1.246000051498413,3,14,73
1046,2018-03-15,1.2300000190734863,4,15,74
1047,2018-03-16,1.2000000476837158,5,16,75
1048,2018-03-19,1.2599999904632568,1,19,78
1049,2018-03-20,1.3004000186920166,2,20,79
1050,2018-03-21,1.2319999933242798,3,21,80
1051,2018-03-22,1.2325999736785889,4,22,81
1052,2018-03-23,1.2400000095367432,5,23,82
1053,2018-03-26,1.2095999717712402,1,26,85
1054,2018-03-27,1.25,2,27,86
1055,2018-03-28,1.1812000274658203,3,28,87
1056,2018-03-29,1.1799999475479126,4,29,88
1057,2018-04-02,1.0922000408172607,1,2,92
1058,2018-04-03,1.0936000347137451,2,3,93
1059,2018-04-04,1.0717999935150146,3,4,94
1060,2018-04-05,1.0460000038146973,4,5,95
1061,2018-04-06,1.0720000267028809,5,6,96
1062,2018-04-09,1.0185999870300293,1,9,99
1063,2018-04-10,1.0720000267028809,2,10,100
1064,2018-04-11,1.0260000228881836,3,11,101
1065,2018-04-12,1.051800012588501,4,12,102
1066,2018-04-13,1.0299999713897705,5,13,103
1067,2018-04-16,1.031999945640564,1,16,106
1068,2018-04-17,1.0460000038146973,2,17,107
1069,2018-04-18,1.1978000402450562,3,18,108
1070,2018-04-19,1.1354000568389893,4,19,109
1071,2018-04-20,1.188599944114685,5,20,110
1072,2018-04-23,1.3178000450134277,1,23,113
1073,2018-04-24,1.4062000513076782,2,24,114
1074,2018-04-25,1.3660000562667847,3,25,115
1075,2018-04-26,1.4581999778747559,4,26,116
1076,2018-04-27,1.4359999895095825,5,27,117
1077,2018-04-30,1.4528000354766846,1,30,120
1078,2018-05-02,1.3398000001907349,3,2,122
1079,2018-05-03,1.2960000038146973,4,3,123
1080,2018-05-04,1.4179999828338623,5,4,124
1081,2018-05-07,1.4459999799728394,1,7,127
1082,2018-05-08,1.4010000228881836,2,8,128
1083,2018-05-09,1.4600000381469727,3,9,129
1084,2018-05-10,1.3902000188827515,4,10,130
1085,2018-05-11,1.3459999561309814,5,11,131
1086,2018-05-14,1.357800006866455,1,14,134
1087,2018-05-15,1.222000002861023,2,15,135
1088,2018-05-16,1.2799999713897705,3,16,136
1089,2018-05-17,1.3997999429702759,4,17,137
1090,2018-05-18,1.4700000286102295,5,18,138
1091,2018-05-21,1.409600019454956,1,21,141
1092,2018-05-22,1.4199999570846558,2,22,142
1093,2018-05-23,1.406000018119812,3,23,143
1094,2018-05-24,1.4398000240325928,4,24,144
1095,2018-05-25,1.406999945640564,5,25,145
1096,2018-05-28,1.3550000190734863,1,28,148
1097,2018-05-29,1.406000018119812,2,29,149
1098,2018-05-30,1.4259999990463257,3,30,150
1099,2018-06-01,1.3860000371932983,5,1,152
1100,2018-06-04,1.3835999965667725,1,4,155
1101,2018-06-05,1.4107999801635742,2,5,156
1102,2018-06-06,1.3905999660491943,3,6,157
1103,2018-06-07,1.3212000131607056,4,7,158
1104,2018-06-08,1.312000036239624,5,8,159
1105,2018-06-11,1.2879999876022339,1,11,162
1106,2018-06-12,1.3037999868392944,2,12,163
1107,2018-06-13,1.2899999618530273,3,13,164
1108,2018-06-14,1.2799999713897705,4,14,165
1109,2018-06-15,1.2000000476837158,5,15,166
1110,2018-06-18,1.325600028038025,1,18,169
1111,2018-06-19,1.2901999950408936,2,19,170
1112,2018-06-20,1.3420000076293945,3,20,171
1113,2018-06-21,1.3198000192642212,4,21,172
1114,2018-06-22,1.350000023841858,5,22,173
1115,2018-06-25,1.3600000143051147,1,25,176
1116,2018-06-26,1.3960000276565552,2,26,177
1117,2018-06-27,1.3952000141143799,3,27,178
1118,2018-06-28,1.3990000486373901,4,28,179
1119,2018-06-29,1.399999976158142,5,29,180
1120,2018-07-02,1.3600000143051147,1,2,183
1121,2018-07-03,1.3600000143051147,2,3,184
1122,2018-07-04,1.3980000019073486,3,4,185
1123,2018-07-05,1.371000051498413,4,5,186
1124,2018-07-06,1.3849999904632568,5,6,187
1125,2018-07-10,1.3880000114440918,2,10,191
1126,2018-07-11,1.3605999946594238,3,11,192
1127,2018-07-12,1.3739999532699585,4,12,193
1128,2018-07-13,1.3799999952316284,5,13,194
1129,2018-07-16,1.361199975013733,1,16,197
1130,2018-07-17,1.3450000286102295,2,17,198
1131,2018-07-18,1.3519999980926514,3,18,199
1132,2018-07-19,1.3594000339508057,4,19,200
1133,2018-07-20,1.343999981880188,5,20,201
1134,2018-07-23,1.3428000211715698,1,23,204
1135,2018-07-24,1.340999960899353,2,24,205
1136,2018-07-25,1.3736000061035156,3,25,206
1137,2018-07-26,1.4670000076293945,4,26,207
1138,2018-07-27,1.5399999618530273,5,27,208
1139,2018-07-30,1.5839999914169312,1,30,211
1140,2018-07-31,1.604200005531311,2,31,212
1141,2018-08-01,1.6200000047683716,3,1,213
1142,2018-08-02,1.6050000190734863,4,2,214
1143,2018-08-03,1.6959999799728394,5,3,215
1144,2018-08-06,1.746000051498413,1,6,218
1145,2018-08-07,1.6771999597549438,2,7,219
1146,2018-08-08,1.7001999616622925,3,8,220
1147,2018-08-09,1.6363999843597412,4,9,221
1148,2018-08-10,1.5800000429153442,5,10,222
1149,2018-08-13,1.5795999765396118,1,13,225
1150,2018-08-14,1.6660000085830688,2,14,226
1151,2018-08-15,1.590000033378601,3,15,227
1152,2018-08-16,1.569000005722046,4,16,228
1153,2018-08-17,1.5640000104904175,5,17,229
1154,2018-08-20,1.690000057220459,1,20,232
1155,2018-08-21,1.6519999504089355,2,21,233
1156,2018-08-22,1.718000054359436,3,22,234
1157,2018-08-23,1.718999981880188,4,23,235
1158,2018-08-24,1.7197999954223633,5,24,236
1159,2018-08-27,1.7079999446868896,1,27,239
1160,2018-08-28,1.710800051689148,2,28,240
1161,2018-08-29,1.832800030708313,3,29,241
1162,2018-08-30,1.8703999519348145,4,30,242
1163,2018-08-31,1.8905999660491943,5,31,243
1164,2018-09-03,1.9199999570846558,1,3,246
1165,2018-09-04,1.8200000524520874,2,4,247
1166,2018-09-05,1.9206000566482544,3,5,248
1167,2018-09-06,1.9600000381469727,4,6,249
1168,2018-09-10,1.8996000289916992,1,10,253
1169,2018-09-11,1.9420000314712524,2,11,254
1170,2018-09-12,1.9947999715805054,3,12,255
1171,2018-09-13,1.9759999513626099,4,13,256
1172,2018-09-14,1.9980000257492065,5,14,257
1173,2018-09-17,1.8997999429702759,1,17,260
1174,2018-09-18,1.9598000049591064,2,18,261
1175,2018-09-19,1.9800000190734863,3,19,262
1176,2018-09-20,1.9459999799728394,4,20,263
1177,2018-09-21,1.9800000190734863,5,21,264
1178,2018-09-24,2.140000104904175,1,24,267
1179,2018-09-25,2.086400032043457,2,25,268
1180,2018-09-26,2.119999885559082,3,26,269
1181,2018-09-27,2.1600000858306885,4,27,270
1182,2018-09-28,2.2200000286102295,5,28,271
1183,2018-10-01,2.2309999465942383,1,1,274
1184,2018-10-02,2.2534000873565674,2,2,275
1185,2018-10-03,2.231600046157837,3,3,276
1186,2018-10-04,2.240000009536743,4,4,277
1187,2018-10-05,2.1419999599456787,5,5,278
1188,2018-10-08,2.1540000438690186,1,8,281
1189,2018-10-09,2.390000104904175,2,9,282
1190,2018-10-10,2.299999952316284,3,10,283
1191,2018-10-11,2.319999933242798,4,11,284
1192,2018-10-15,2.3306000232696533,1,15,288
1193,2018-10-16,2.339600086212158,2,16,289
1194,2018-10-17,2.2720000743865967,3,17,290
1195,2018-10-18,2.257999897003174,4,18,291
1196,2018-10-19,2.455199956893921,5,19,292
1197,2018-10-22,2.3726000785827637,1,22,295
1198,2018-10-23,2.2992000579833984,2,23,296
1199,2018-10-24,2.3980000019073486,3,24,297
1200,2018-10-25,2.400399923324585,4,25,298
1201,2018-10-26,2.319999933242798,5,26,299
1202,2018-10-29,2.2939999103546143,1,29,302
1203,2018-10-30,2.3340001106262207,2,30,303
1204,2018-10-31,2.380000114440918,3,31,304
1205,2018-11-01,2.3959999084472656,4,1,305
1206,2018-11-05,2.359999895095825,1,5,309
1207,2018-11-06,2.384000062942505,2,6,310
1208,2018-11-07,2.436000108718872,3,7,311
1209,2018-11-08,2.3499999046325684,4,8,312
1210,2018-11-09,2.2880001068115234,5,9,313
1211,2018-11-12,2.3299999237060547,1,12,316
1212,2018-11-13,2.1184000968933105,2,13,317
1213,2018-11-14,1.9955999851226807,3,14,318
1214,2018-11-16,2.1236000061035156,5,16,320
1215,2018-11-19,2.0299999713897705,1,19,323
1216,2018-11-21,2.0543999671936035,3,21,325
1217,2018-11-22,2.049999952316284,4,22,326
1218,2018-11-23,1.899999976158142,5,23,327
1219,2018-11-26,1.861799955368042,1,26,330
1220,2018-11-27,1.9434000253677368,2,27,331
1221,2018-11-28,1.9398000240325928,3,28,332
1222,2018-11-29,1.9895999431610107,4,29,333
1223,2018-11-30,1.9359999895095825,5,30,334
1224,2018-12-03,2.0299999713897705,1,3,337
1225,2018-12-04,2.0727999210357666,2,4,338
1226,2018-12-05,2.0799999237060547,3,5,339
1227,2018-12-06,1.9218000173568726,4,6,340
1228,2018-12-07,1.9570000171661377,5,7,341
1229,2018-12-10,1.906999945640564,1,10,344
1230,2018-12-11,1.8799999952316284,2,11,345
1231,2018-12-12,1.9817999601364136,3,12,346
1232,2018-12-13,2.0239999294281006,4,13,347
1233,2018-12-14,2.056999921798706,5,14,348
1234,2018-12-17,2.15939998626709,1,17,351
1235,2018-12-18,2.021399974822998,2,18,352
1236,2018-12-19,2.0401999950408936,3,19,353
1237,2018-12-20,1.9797999858856201,4,20,354
1238,2018-12-21,1.978600025177002,5,21,355
1239,2018-12-26,1.9853999614715576,3,26,360
1240,2018-12-27,1.9911999702453613,4,27,361
1241,2018-12-28,1.9839999675750732,5,28,362
1242,2019-01-02,2.071199893951416,3,2,2
1243,2019-01-03,2.0757999420166016,4,3,3
1244,2019-01-04,2.0931999683380127,5,4,4
1245,2019-01-07,2.091399908065796,1,7,7
1246,2019-01-08,2.141400098800659,2,8,8
1247,2019-01-09,2.1670000553131104,3,9,9
1248,2019-01-10,2.1791999340057373,4,10,10
1249,2019-01-11,2.2058000564575195,5,11,11
1250,2019-01-14,2.1898000240325928,1,14,14
1251,2019-01-15,2.200000047683716,2,15,15
1252,2019-01-16,2.196000099182129,3,16,16
1253,2019-01-17,2.2005999088287354,4,17,17
1254,2019-01-18,2.2360000610351562,5,18,18
1255,2019-01-21,2.334199905395508,1,21,21
1256,2019-01-22,2.2878000736236572,2,22,22
1257,2019-01-23,2.2778000831604004,3,23,23
1258,2019-01-24,2.2351999282836914,4,24,24
1259,2019-01-28,2.1459999084472656,1,28,28
1260,2019-01-29,2.173799991607666,2,29,29
1261,2019-01-30,2.359999895095825,3,30,30
1262,2019-01-31,2.299999952316284,4,31,31
1263,2019-02-01,2.240000009536743,5,1,32
1264,2019-02-04,2.212599992752075,1,4,35
1265,2019-02-05,2.1844000816345215,2,5,36
1266,2019-02-06,2.3196001052856445,3,6,37
1267,2019-02-07,2.2639999389648438,4,7,38
1268,2019-02-08,2.240999937057495,5,8,39
1269,2019-02-11,2.319999933242798,1,11,42
1270,2019-02-12,2.3178000450134277,2,12,43
1271,2019-02-13,2.5239999294281006,3,13,44
1272,2019-02-14,2.699199914932251,4,14,45
1273,2019-02-15,2.700000047683716,5,15,46
1274,2019-02-18,2.697999954223633,1,18,49
1275,2019-02-19,2.712599992752075,2,19,50
1276,2019-02-20,2.759999990463257,3,20,51
1277,2019-02-21,2.7730000019073486,4,21,52
1278,2019-02-22,2.8522000312805176,5,22,53
1279,2019-02-25,2.8580000400543213,1,25,56
1280,2019-02-26,2.8359999656677246,2,26,57
1281,2019-02-27,3.048799991607666,3,27,58
1282,2019-02-28,3.0195999145507812,4,28,59
1283,2019-03-01,3.359999895095825,5,1,60
1284,2019-03-07,3.624000072479248,4,7,66
1285,2019-03-08,3.5,5,8,67
1286,2019-03-11,3.6419999599456787,1,11,70
1287,2019-03-12,3.5199999809265137,2,12,71
1288,2019-03-13,3.569999933242798,3,13,72
1289,2019-03-14,3.7119998931884766,4,14,73
1290,2019-03-15,4.00600004196167,5,15,74
1291,2019-03-18,4.059999942779541,1,18,77
1292,2019-03-19,3.9000000953674316,2,19,78
1293,2019-03-20,4.053999900817871,3,20,79
1294,2019-03-21,4.099999904632568,4,21,80
1295,2019-03-22,3.9600000381469727,5,22,81
1296,2019-03-25,3.859999895095825,1,25,84
1297,2019-03-26,3.9240000247955322,2,26,85
1298,2019-03-27,3.8499999046325684,3,27,86
1299,2019-03-28,3.7980000972747803,4,28,87
1300,2019-03-29,3.7799999713897705,5,29,88
1301,2019-04-01,3.875999927520752,1,1,91
1302,2019-04-02,3.880000114440918,2,2,92
1303,2019-04-03,3.799999952316284,3,3,93
1304,2019-04-04,3.7880001068115234,4,4,94
1305,2019-04-05,3.7780001163482666,5,5,95
1306,2019-04-08,3.75,1,8,98
1307,2019-04-09,3.6019999980926514,2,9,99
1308,2019-04-10,3.7839999198913574,3,10,100
1309,2019-04-11,3.625999927520752,4,11,101
1310,2019-04-12,3.640000104904175,5,12,102
1311,2019-04-15,3.609999895095825,1,15,105
1312,2019-04-16,3.5820000171661377,2,16,106
1313,2019-04-17,3.619999885559082,3,17,107
1314,2019-04-18,3.5899999141693115,4,18,108
1315,2019-04-22,3.861999988555908,1,22,112
1316,2019-04-23,3.9619998931884766,2,23,113
1317,2019-04-24,3.869999885559082,3,24,114
1318,2019-04-25,3.7980000972747803,4,25,115
1319,2019-04-26,3.740000009536743,5,26,116
1320,2019-04-29,3.6600000858306885,1,29,119
1321,2019-04-30,3.690000057220459,2,30,120
1322,2019-05-02,3.5299999713897705,4,2,122
1323,2019-05-03,3.5160000324249268,5,3,123
1324,2019-05-06,3.490000009536743,1,6,126
1325,2019-05-07,3.4600000381469727,2,7,127
1326,2019-05-08,3.559999942779541,3,8,128
1327,2019-05-09,3.4860000610351562,4,9,129
1328,2019-05-10,3.503999948501587,5,10,130
1329,2019-05-13,3.318000078201294,1,13,133
1330,2019-05-14,3.4100000858306885,2,14,134
1331,2019-05-15,3.421999931335449,3,15,135
1332,2019-05-16,3.759999990463257,4,16,136
1333,2019-05-17,3.73799991607666,5,17,137
1334,2019-05-20,3.7660000324249268,1,20,140
1335,2019-05-21,3.7279999256134033,2,21,141
1336,2019-05-22,3.6740000247955322,3,22,142
1337,2019-05-23,3.50600004196167,4,23,143
1338,2019-05-24,3.4739999771118164,5,24,144
1339,2019-05-27,3.5959999561309814,1,27,147
1340,2019-05-28,3.696000099182129,2,28,148
1341,2019-05-29,3.5999999046325684,3,29,149
1342,2019-05-30,3.5480000972747803,4,30,150
1343,2019-05-31,3.4739999771118164,5,31,151
1344,2019-06-03,3.5,1,3,154
1345,2019-06-04,3.4760000705718994,2,4,155
1346,2019-06-05,3.390000104904175,3,5,156
1347,2019-06-06,3.378000020980835,4,6,157
1348,2019-06-07,3.359999895095825,5,7,158
1349,2019-06-10,3.3459999561309814,1,10,161
1350,2019-06-11,3.259999990463257,2,11,162
1351,2019-06-12,3.1440000534057617,3,12,163
1352,2019-06-13,3.2300000190734863,4,13,164
1353,2019-06-14,3.2039999961853027,5,14,165
1354,2019-06-17,3.2239999771118164,1,17,168
1355,2019-06-18,3.2100000381469727,2,18,169
1356,2019-06-19,3.181999921798706,3,19,170
1357,2019-06-21,3.2660000324249268,5,21,172
1358,2019-06-24,3.2019999027252197,1,24,175
1359,2019-06-25,3.135999917984009,2,25,176
1360,2019-06-26,3.140000104904175,3,26,177
1361,2019-06-27,3.0899999141693115,4,27,178
1362,2019-06-28,3.1540000438690186,5,28,179
1363,2019-07-01,3.181999921798706,1,1,182
1364,2019-07-02,3.134000062942505,2,2,183
1365,2019-07-03,3.2179999351501465,3,3,184
1366,2019-07-04,3.2100000381469727,4,4,185
1367,2019-07-05,3.2799999713897705,5,5,186
1368,2019-07-08,3.5999999046325684,1,8,189
1369,2019-07-10,3.634000062942505,3,10,191
1370,2019-07-11,3.6559998989105225,4,11,192
1371,2019-07-12,3.753999948501587,5,12,193
1372,2019-07-15,3.8519999980926514,1,15,196
1373,2019-07-16,3.6600000858306885,2,16,197
1374,2019-07-17,3.6459999084472656,3,17,198
1375,2019-07-18,3.634000062942505,4,18,199
1376,2019-07-19,3.5799999237060547,5,19,200
1377,2019-07-22,3.5840001106262207,1,22,203
1378,2019-07-23,3.5799999237060547,2,23,204
1379,2019-07-24,3.6540000438690186,3,24,205
1380,2019-07-25,3.559999942779541,4,25,206
1381,2019-07-26,3.552000045776367,5,26,207
1382,2019-07-29,3.5320000648498535,1,29,210
1383,2019-07-30,3.568000078201294,2,30,211
1384,2019-07-31,3.5199999809265137,3,31,212
1385,2019-08-01,3.430000066757202,4,1,213
1386,2019-08-02,3.559999942779541,5,2,214
1387,2019-08-05,3.5239999294281006,1,5,217
1388,2019-08-06,3.5199999809265137,2,6,218
1389,2019-08-07,3.4860000610351562,3,7,219
1390,2019-08-08,3.496000051498413,4,8,220
1391,2019-08-09,3.5220000743865967,5,9,221
1392,2019-08-12,3.4779999256134033,1,12,224
1393,2019-08-13,3.509999990463257,2,13,225
1394,2019-08-14,3.4260001182556152,3,14,226
1395,2019-08-15,3.3399999141693115,4,15,227
1396,2019-08-16,3.2160000801086426,5,16,228
1397,2019-08-19,3.240000009536743,1,19,231
1398,2019-08-20,3.135999917984009,2,20,232
1399,2019-08-21,3.2260000705718994,3,21,233
1400,2019-08-22,3.2200000286102295,4,22,234
1401,2019-08-23,3.0299999713897705,5,23,235
1402,2019-08-26,2.9140000343322754,1,26,238
1403,2019-08-27,2.888000011444092,2,27,239
1404,2019-08-28,3.0999999046325684,3,28,240
1405,2019-08-29,3.2200000286102295,4,29,241
1406,2019-08-30,3.380000114440918,5,30,242
1407,2019-09-02,3.3299999237060547,1,2,245
1408,2019-09-03,3.369999885559082,2,3,246
1409,2019-09-04,3.384000062942505,3,4,247
1410,2019-09-05,3.369999885559082,4,5,248
1411,2019-09-06,3.4040000438690186,5,6,249
1412,2019-09-09,3.4059998989105225,1,9,252
1413,2019-09-10,3.385999917984009,2,10,253
1414,2019-09-11,3.430000066757202,3,11,254
1415,2019-09-12,3.4240000247955322,4,12,255
1416,2019-09-13,3.4059998989105225,5,13,256
1417,2019-09-16,3.497999906539917,1,16,259
1418,2019-09-17,3.4179999828338623,2,17,260
1419,2019-09-18,3.5199999809265137,3,18,261
1420,2019-09-19,3.624000072479248,4,19,262
1421,2019-09-20,3.6459999084472656,5,20,263
1422,2019-09-23,3.6500000953674316,1,23,266
1423,2019-09-24,3.621999979019165,2,24,267
1424,2019-09-25,3.619999885559082,3,25,268
1425,2019-09-26,3.502000093460083,4,26,269
1426,2019-09-27,3.4000000953674316,5,27,270
1427,2019-09-30,3.4839999675750732,1,30,273
1428,2019-10-01,3.4100000858306885,2,1,274
1429,2019-10-02,3.380000114440918,3,2,275
1430,2019-10-03,3.381999969482422,4,3,276
1431,2019-10-04,3.4200000762939453,5,4,277
1432,2019-10-07,3.3320000171661377,1,7,280
1433,2019-10-08,3.200000047683716,2,8,281
1434,2019-10-09,3.2339999675750732,3,9,282
1435,2019-10-10,3.23799991607666,4,10,283
1436,2019-10-11,3.4000000953674316,5,11,284
1437,2019-10-14,3.3980000019073486,1,14,287
1438,2019-10-15,3.388000011444092,2,15,288
1439,2019-10-16,3.4000000953674316,3,16,289
1440,2019-10-17,3.4519999027252197,4,17,290
1441,2019-10-18,3.4240000247955322,5,18,291
1442,2019-10-21,3.4159998893737793,1,21,294
1443,2019-10-22,3.5199999809265137,2,22,295
1444,2019-10-23,3.50600004196167,3,23,296
1445,2019-10-24,3.559999942779541,4,24,297
1446,2019-10-25,3.5840001106262207,5,25,298
1447,2019-10-28,3.631999969482422,1,28,301
1448,2019-10-29,3.6760001182556152,2,29,302
1449,2019-10-30,3.700000047683716,3,30,303
1450,2019-10-31,3.700000047683716,4,31,304
1451,2019-11-01,3.7639999389648438,5,1,305
1452,2019-11-04,3.871999979019165,1,4,308
1453,2019-11-05,3.805999994277954,2,5,309
1454,2019-11-06,3.8320000171661377,3,6,310
1455,2019-11-07,3.946000099182129,4,7,311
1456,2019-11-08,3.9600000381469727,5,8,312
1457,2019-11-11,3.9079999923706055,1,11,315
1458,2019-11-12,3.871999979019165,2,12,316
1459,2019-11-13,3.8559999465942383,3,13,317
1460,2019-11-14,3.8919999599456787,4,14,318
1461,2019-11-18,3.878000020980835,1,18,322
1462,2019-11-19,3.8480000495910645,2,19,323
1463,2019-11-21,3.950000047683716,4,21,325
1464,2019-11-22,4.124000072479248,5,22,326
1465,2019-11-25,4.079999923706055,1,25,329
1466,2019-11-26,4.26200008392334,2,26,330
1467,2019-11-27,4.230000019073486,3,27,331
1468,2019-11-28,4.400000095367432,4,28,332
1469,2019-11-29,4.6519999504089355,5,29,333
1470,2019-12-02,4.616000175476074,1,2,336
1471,2019-12-03,4.696000099182129,2,3,337
1472,2019-12-04,5.0980000495910645,3,4,338
1473,2019-12-05,4.989999771118164,4,5,339
1474,2019-12-06,5.315999984741211,5,6,340
1475,2019-12-09,5.361999988555908,1,9,343
1476,2019-12-10,5.3979997634887695,2,10,344
1477,2019-12-11,5.480000019073486,3,11,345
1478,2019-12-12,5.599999904632568,4,12,346
1479,2019-12-13,5.866000175476074,5,13,347
1480,2019-12-16,5.886000156402588,1,16,350
1481,2019-12-17,5.980000019073486,2,17,351
1482,2019-12-18,5.923999786376953,3,18,352
1483,2019-12-19,6.0,4,19,353
1484,2019-12-20,6.182000160217285,5,20,354
1485,2019-12-23,6.659999847412109,1,23,357
1486,2019-12-26,6.868000030517578,4,26,360
1487,2019-12-27,6.78000020980835,5,27,361
1488,2019-12-30,6.611999988555908,1,30,364
1489,2020-01-02,7.156000137329102,4,2,2
1490,2020-01-03,7.570000171661377,5,3,3
1491,2020-01-06,7.7179999351501465,1,6,6
1492,2020-01-07,7.728000164031982,2,7,7
1493,2020-01-08,7.570000171661377,3,8,8
1494,2020-01-09,7.28000020980835,4,9,9
1495,2020-01-10,7.443999767303467,5,10,10
1496,2020-01-13,7.763999938964844,1,13,13
1497,2020-01-14,8.222000122070312,2,14,14
1498,2020-01-15,8.260000228881836,3,15,15
1499,2020-01-16,8.276000022888184,4,16,16
1500,2020-01-17,8.20199966430664,5,17,17
1501,2020-01-20,8.612000465393066,1,20,20
1502,2020-01-21,8.944000244140625,2,21,21
1503,2020-01-22,9.239999771118164,3,22,22
1504,2020-01-23,9.305999755859375,4,23,23
1505,2020-01-24,9.100000381469727,5,24,24
1506,2020-01-27,8.956000328063965,1,27,27
1507,2020-01-28,9.520000457763672,2,28,28
1508,2020-01-29,9.152000427246094,3,29,29
1509,2020-01-30,9.460000038146973,4,30,30
1510,2020-01-31,9.586000442504883,5,31,31
1511,2020-02-03,9.593999862670898,1,3,34
1512,2020-02-04,9.760000228881836,2,4,35
1513,2020-02-05,9.600000381469727,3,5,36
1514,2020-02-06,9.57800006866455,4,6,37
1515,2020-02-07,9.661999702453613,5,7,38
1516,2020-02-10,8.729999542236328,1,10,41
1517,2020-02-11,9.097999572753906,2,11,42
1518,2020-02-12,9.029999732971191,3,12,43
1519,2020-02-13,8.970000267028809,4,13,44
1520,2020-02-14,9.100000381469727,5,14,45
1521,2020-02-17,9.0,1,17,48
1522,2020-02-18,9.390000343322754,2,18,49
1523,2020-02-19,9.40999984741211,3,19,50
1524,2020-02-20,9.595999717712402,4,20,51
1525,2020-02-21,9.592000007629395,5,21,52
1526,2020-02-27,7.960000038146973,4,27,58
1527,2020-02-28,7.880000114440918,5,28,59
1528,2020-03-02,8.460000038146973,1,2,62
1529,2020-03-03,8.355999946594238,2,3,63
1530,2020-03-04,8.265999794006348,3,4,64
1531,2020-03-05,7.909999847412109,4,5,65
1532,2020-03-06,7.0879998207092285,5,6,66
1533,2020-03-09,4.498000144958496,1,9,69
1534,2020-03-10,5.105999946594238,2,10,70
1535,2020-03-11,4.6620001792907715,3,11,71
1536,2020-03-12,3.138000011444092,4,12,72
1537,2020-03-13,3.7339999675750732,5,13,73
1538,2020-03-16,3.0999999046325684,1,16,76
1539,2020-03-17,2.937999963760376,2,17,77
1540,2020-03-18,2.069999933242798,3,18,78
1541,2020-03-19,2.365999937057495,4,19,79
1542,2020-03-20,2.4800000190734863,5,20,80
1543,2020-03-23,2.375999927520752,1,23,83
1544,2020-03-24,2.614000082015991,2,24,84
1545,2020-03-25,3.4579999446868896,3,25,85
1546,2020-03-26,3.7860000133514404,4,26,86
1547,2020-03-27,3.619999885559082,5,27,87
1548,2020-03-30,3.4000000953674316,1,30,90
1549,2020-03-31,3.3399999141693115,2,31,91
1550,2020-04-01,3.2960000038146973,3,1,92
1551,2020-04-02,3.9000000953674316,4,2,93
1552,2020-04-03,4.165999889373779,5,3,94
1553,2020-04-06,5.144000053405762,1,6,97
1554,2020-04-07,5.5,2,7,98
1555,2020-04-08,5.5980000495910645,3,8,99
1556,2020-04-09,4.940000057220459,4,9,100
1557,2020-04-13,4.691999912261963,1,13,104
1558,2020-04-14,4.73799991607666,2,14,105
1559,2020-04-15,4.699999809265137,3,15,106
1560,2020-04-16,4.5,4,16,107
1561,2020-04-17,4.4019999504089355,5,17,108
1562,2020-04-20,4.119999885559082,1,20,111
1563,2020-04-22,3.9619998931884766,3,22,113
1564,2020-04-23,3.990000009536743,4,23,114
1565,2020-04-24,3.7100000381469727,5,24,115
1566,2020-04-27,3.75,1,27,118
1567,2020-04-28,4.357999801635742,2,28,119
1568,2020-04-29,4.302000045776367,3,29,120
1569,2020-04-30,4.090000152587891,4,30,121
1570,2020-05-04,3.946000099182129,1,4,125
1571,2020-05-05,4.236000061035156,2,5,126
1572,2020-05-06,4.1579999923706055,3,6,127
1573,2020-05-07,4.156000137329102,4,7,128
1574,2020-05-08,4.044000148773193,5,8,129
1575,2020-05-11,4.21999979019165,1,11,132
1576,2020-05-12,4.159999847412109,2,12,133
1577,2020-05-13,4.052000045776367,3,13,134
1578,2020-05-14,4.203999996185303,4,14,135
1579,2020-05-15,4.164000034332275,5,15,136
1580,2020-05-18,5.0,1,18,139
1581,2020-05-19,5.400000095367432,2,19,140
1582,2020-05-20,5.251999855041504,3,20,141
1583,2020-05-21,5.5,4,21,142
1584,2020-05-22,5.380000114440918,5,22,143
1585,2020-05-25,5.796000003814697,1,25,146
1586,2020-05-26,5.760000228881836,2,26,147
1587,2020-05-27,5.949999809265137,3,27,148
1588,2020-05-28,5.8460001945495605,4,28,149
1589,2020-05-29,6.196000099182129,5,29,150
1590,2020-06-01,6.257999897003174,1,1,153
1591,2020-06-02,6.7179999351501465,2,2,154
1592,2020-06-03,6.495999813079834,3,3,155
1593,2020-06-04,6.783999919891357,4,4,156
1594,2020-06-05,7.453999996185303,5,5,157
1595,2020-06-08,7.4720001220703125,1,8,160
1596,2020-06-09,7.039999961853027,2,9,161
1597,2020-06-10,6.584000110626221,3,10,162
1598,2020-06-12,6.168000221252441,5,12,164
1599,2020-06-15,6.699999809265137,1,15,167
1600,2020-06-16,6.625999927520752,2,16,168
1601,2020-06-17,6.665999889373779,3,17,169
1602,2020-06-18,7.033999919891357,4,18,170
1603,2020-06-19,7.02400016784668,5,19,171
1604,2020-06-22,6.920000076293945,1,22,174
1605,2020-06-23,7.131999969482422,2,23,175
1606,2020-06-24,6.716000080108643,3,24,176
1607,2020-06-25,7.0879998207092285,4,25,177
1608,2020-06-26,6.889999866485596,5,26,178
1609,2020-06-29,6.989999771118164,1,29,181
1610,2020-06-30,7.078000068664551,2,30,182
1611,2020-07-01,6.900000095367432,3,1,183
1612,2020-07-02,7.084000110626221,4,2,184
1613,2020-07-03,6.966000080108643,5,3,185
1614,2020-07-06,7.432000160217285,1,6,188
1615,2020-07-07,7.429999828338623,2,7,189
1616,2020-07-08,7.329999923706055,3,8,190
1617,2020-07-09,7.328000068664551,4,9,191
1618,2020-07-10,7.223999977111816,5,10,192
1619,2020-07-13,7.728000164031982,1,13,195
1620,2020-07-14,7.973999977111816,2,14,196
1621,2020-07-15,8.026000022888184,3,15,197
1622,2020-07-16,7.934000015258789,4,16,198
1623,2020-07-17,7.831999778747559,5,17,199
1624,2020-07-20,8.02400016784668,1,20,202
1625,2020-07-21,8.229999542236328,2,21,203
1626,2020-07-22,8.12399959564209,3,22,204
1627,2020-07-23,7.900000095367432,4,23,205
1628,2020-07-24,7.697999954223633,5,24,206
1629,2020-07-27,8.027999877929688,1,27,209
1630,2020-07-28,7.874000072479248,2,28,210
1631,2020-07-29,7.874000072479248,3,29,211
1632,2020-07-30,7.932000160217285,4,30,212
1633,2020-07-31,7.918000221252441,5,31,213
1634,2020-08-03,7.9019999504089355,1,3,216
1635,2020-08-04,7.6579999923706055,2,4,217
1636,2020-08-05,8.697999954223633,3,5,218
1637,2020-08-06,8.435999870300293,4,6,219
1638,2020-08-07,8.777999877929688,5,7,220
1639,2020-08-10,9.081999778747559,1,10,223
1640,2020-08-11,8.760000228881836,2,11,224
1641,2020-08-12,8.880000114440918,3,12,225
1642,2020-08-13,8.715999603271484,4,13,226
1643,2020-08-14,8.618000030517578,5,14,227
1644,2020-08-17,8.413999557495117,1,17,230
1645,2020-08-18,8.8100004196167,2,18,231
1646,2020-08-19,9.342000007629395,3,19,232
1647,2020-08-20,9.178000450134277,4,20,233
1648,2020-08-21,8.954000473022461,5,21,234
1649,2020-08-24,8.855999946594238,1,24,237
1650,2020-08-25,8.859999656677246,2,25,238
1651,2020-08-26,8.765999794006348,3,26,239
1652,2020-08-27,8.61400032043457,4,27,240
1653,2020-08-28,8.597999572753906,5,28,241
1654,2020-08-31,8.378000259399414,1,31,244
1655,2020-09-01,8.800000190734863,2,1,245
1656,2020-09-02,8.675999641418457,3,2,246
1657,2020-09-03,8.673999786376953,4,3,247
1658,2020-09-04,8.8100004196167,5,4,248
1659,2020-09-08,8.27400016784668,2,8,252
1660,2020-09-09,8.26200008392334,3,9,253
1661,2020-09-10,7.918000221252441,4,10,254
1662,2020-09-11,7.921999931335449,5,11,255
1663,2020-09-14,7.800000190734863,1,14,258
1664,2020-09-15,7.797999858856201,2,15,259
1665,2020-09-16,7.754000186920166,3,16,260
1666,2020-09-17,7.831999778747559,4,17,261
1667,2020-09-18,7.622000217437744,5,18,262
1668,2020-09-21,7.421999931335449,1,21,265
1669,2020-09-22,7.300000190734863,2,22,266
1670,2020-09-23,6.96999979019165,3,23,267
1671,2020-09-24,7.300000190734863,4,24,268
1672,2020-09-25,7.099999904632568,5,25,269
1673,2020-09-28,6.960000038146973,1,28,272
1674,2020-09-29,6.868000030517578,2,29,273
1675,2020-09-30,6.978000164031982,3,30,274
1676,2020-10-01,7.105999946594238,4,1,275
1677,2020-10-02,6.854000091552734,5,2,276
1678,2020-10-05,7.306000232696533,1,5,279
1679,2020-10-06,7.145999908447266,2,6,280
1680,2020-10-07,7.296000003814697,3,7,281
1681,2020-10-08,7.239999771118164,4,8,282
1682,2020-10-09,7.113999843597412,5,9,283
1683,2020-10-13,7.105999946594238,2,13,287
1684,2020-10-14,7.676000118255615,3,14,288
1685,2020-10-15,7.245999813079834,4,15,289
1686,2020-10-16,7.090000152587891,5,16,290
1687,2020-10-19,7.171999931335449,1,19,293
1688,2020-10-20,7.170000076293945,2,20,294
1689,2020-10-21,7.182000160217285,3,21,295
1690,2020-10-22,7.535999774932861,4,22,296
1691,2020-10-23,7.260000228881836,5,23,297
1692,2020-10-26,7.099999904632568,1,26,300
1693,2020-10-27,6.940000057220459,2,27,301
1694,2020-10-28,6.427999973297119,3,28,302
1695,2020-10-29,6.599999904632568,4,29,303
1696,2020-10-30,6.263999938964844,5,30,304
1697,2020-11-03,6.486000061035156,2,3,308
1698,2020-11-04,6.440000057220459,3,4,309
1699,2020-11-05,6.46999979019165,4,5,310
1700,2020-11-06,6.800000190734863,5,6,311
1701,2020-11-09,7.047999858856201,1,9,314
1702,2020-11-10,6.906000137329102,2,10,315
1703,2020-11-11,6.676000118255615,3,11,316
1704,2020-11-12,6.4120001792907715,4,12,317
1705,2020-11-13,6.800000190734863,5,13,318
1706,2020-11-16,6.929999828338623,1,16,321
1707,2020-11-17,7.053999900817871,2,17,322
1708,2020-11-18,7.079999923706055,3,18,323
1709,2020-11-19,9.199999809265137,4,19,324
1710,2020-11-23,9.302000045776367,1,23,328
1711,2020-11-24,9.0600004196167,2,24,329
1712,2020-11-25,9.600000381469727,3,25,330
1713,2020-11-26,10.095999717712402,4,26,331
1714,2020-11-27,10.350000381469727,5,27,332
1715,2020-11-30,10.034000396728516,1,30,335
1716,2020-12-01,10.6899995803833,2,1,336
1717,2020-12-02,10.178000450134277,3,2,337
1718,2020-12-03,10.319999694824219,4,3,338
1719,2020-12-04,11.156000137329102,5,4,339
1720,2020-12-07,11.104000091552734,1,7,342
1721,2020-12-08,10.800000190734863,2,8,343
1722,2020-12-09,10.890000343322754,3,9,344
1723,2020-12-10,11.552000045776367,4,10,345
1724,2020-12-11,11.140000343322754,5,11,346
1725,2020-12-14,11.100000381469727,1,14,349
1726,2020-12-15,11.107999801635742,2,15,350
1727,2020-12-16,11.229999542236328,3,16,351
1728,2020-12-17,11.649999618530273,4,17,352
1729,2020-12-18,11.350000381469727,5,18,353
1730,2020-12-21,11.319999694824219,1,21,356
1731,2020-12-22,11.935999870300293,2,22,357
1732,2020-12-23,13.22599983215332,3,23,358
1733,2020-12-28,13.307999610900879,1,28,363
1734,2020-12-29,13.564000129699707,2,29,364
1735,2020-12-30,14.038000106811523,3,30,365
1736,2021-01-04,14.960000038146973,1,4,4
1737,2021-01-05,14.758000373840332,2,5,5
1738,2021-01-06,14.59000015258789,3,6,6
1739,2021-01-07,14.805999755859375,4,7,7
1740,2021-01-08,14.890000343322754,5,8,8
1741,2021-01-11,15.569999694824219,1,11,11
1742,2021-01-12,15.300000190734863,2,12,12
1743,2021-01-13,15.895999908447266,3,13,13
1744,2021-01-14,15.600000381469727,4,14,14
1745,2021-01-15,14.855999946594238,5,15,15
1746,2021-01-18,14.567999839782715,1,18,18
1747,2021-01-19,14.699999809265137,2,19,19
1748,2021-01-20,14.161999702453613,3,20,20
1749,2021-01-21,14.855999946594238,4,21,21
1750,2021-01-22,14.399999618530273,5,22,22
1751,2021-01-26,14.119999885559082,2,26,26
1752,2021-01-27,13.680000305175781,3,27,27
1753,2021-01-28,14.355999946594238,4,28,28
1754,2021-01-29,14.097999572753906,5,29,29
1755,2021-02-01,14.694000244140625,1,1,32
1756,2021-02-02,15.565999984741211,2,2,33
1757,2021-02-03,15.37600040435791,3,3,34
1758,2021-02-04,15.175999641418457,4,4,35
1759,2021-02-05,15.699999809265137,5,5,36
1760,2021-02-08,16.218000411987305,1,8,39
1761,2021-02-09,15.54800033569336,2,9,40
1762,2021-02-10,15.88599967956543,3,10,41
1763,2021-02-11,15.465999603271484,4,11,42
1764,2021-02-12,15.918000221252441,5,12,43
1765,2021-02-18,17.68199920654297,4,18,49
1766,2021-02-19,17.777999877929688,5,19,50
1767,2021-02-22,18.437999725341797,1,22,53
1768,2021-02-23,17.75,2,23,54
1769,2021-02-24,17.472000122070312,3,24,55
1770,2021-02-25,16.781999588012695,4,25,56
1771,2021-02-26,16.722000122070312,5,26,57
1772,2021-03-01,17.645999908447266,1,1,60
1773,2021-03-02,17.134000778198242,2,2,61
1774,2021-03-03,17.923999786376953,3,3,62
1775,2021-03-04,18.597999572753906,4,4,63
1776,2021-03-05,20.011999130249023,5,5,64
1777,2021-03-08,19.0,1,8,67
1778,2021-03-09,19.746000289916992,2,9,68
1779,2021-03-10,18.8799991607666,3,10,69
1780,2021-03-11,18.56999969482422,4,11,70
1781,2021-03-12,18.70199966430664,5,12,71
1782,2021-03-15,18.15999984741211,1,15,74
1783,2021-03-16,18.200000762939453,2,16,75
1784,2021-03-17,19.299999237060547,3,17,76
1785,2021-03-18,17.639999389648438,4,18,77
1786,2021-03-19,18.785999298095703,5,19,78
1787,2021-03-22,18.110000610351562,1,22,81
1788,2021-03-23,17.4060001373291,2,23,82
1789,2021-03-24,17.601999282836914,3,24,83
1790,2021-03-25,17.881999969482422,4,25,84
1791,2021-03-26,18.50200080871582,5,26,85
1792,2021-03-29,18.8799991607666,1,29,88
1793,2021-03-30,18.45400047302246,2,30,89
1794,2021-03-31,18.45599937438965,3,31,90
1795,2021-04-01,18.195999145507812,4,1,91
1796,2021-04-05,18.124000549316406,1,5,95
1797,2021-04-06,18.697999954223633,2,6,96
1798,2021-04-07,18.920000076293945,3,7,97
1799,2021-04-08,18.950000762939453,4,8,98
1800,2021-04-09,18.898000717163086,5,9,99
1801,2021-04-12,19.381999969482422,1,12,102
1802,2021-04-13,20.100000381469727,2,13,103
1803,2021-04-14,20.360000610351562,3,14,104
1804,2021-04-15,19.520000457763672,4,15,105
1805,2021-04-16,19.628000259399414,5,16,106
1806,2021-04-19,19.200000762939453,1,19,109
1807,2021-04-20,18.591999053955078,2,20,110
1808,2021-04-22,18.194000244140625,4,22,112
1809,2021-04-23,18.3700008392334,5,23,113
1810,2021-04-26,18.059999465942383,1,26,116
1811,2021-04-27,18.016000747680664,2,27,117
1812,2021-04-28,18.45400047302246,3,28,118
1813,2021-04-29,18.520000457763672,4,29,119
1814,2021-04-30,18.31599998474121,5,30,120
1815,2021-05-03,18.371999740600586,1,3,123
1816,2021-05-04,19.052000045776367,2,4,124
1817,2021-05-05,19.399999618530273,3,5,125
1818,2021-05-06,19.200000762939453,4,6,126
1819,2021-05-07,19.209999084472656,5,7,127
1820,2021-05-10,18.479999542236328,1,10,130
1821,2021-05-11,18.170000076293945,2,11,131
1822,2021-05-12,17.809999465942383,3,12,132
1823,2021-05-13,17.329999923706055,4,13,133
1824,2021-05-14,18.31999969482422,5,14,134
1825,2021-05-17,18.809999465942383,1,17,137
1826,2021-05-18,18.6299991607666,2,18,138
1827,2021-05-19,18.260000228881836,3,19,139
1828,2021-05-20,17.729999542236328,4,20,140
1829,2021-05-21,18.020000457763672,5,21,141
1830,2021-05-24,19.200000762939453,1,24,144
1831,2021-05-25,18.829999923706055,2,25,145
1832,2021-05-26,18.850000381469727,3,26,146
1833,2021-05-27,19.329999923706055,4,27,147
1834,2021-05-28,19.65999984741211,5,28,148
1835,2021-05-31,19.729999542236328,1,31,151
1836,2021-06-01,19.65999984741211,2,1,152
1837,2021-06-02,20.280000686645508,3,2,153
1838,2021-06-04,20.65999984741211,5,4,155
